record_id,dataset,topic_order,topic_cn,content_type_cn,keyword,name,building_scope,dynasty,period_label,year,year_sort,year_evidence,is_pre1912,competition_rule,match_rule,summary,page_url,source_site,source_engine,fetched_at_utc,raw_html_path,infobox_json
ab3d72f3768f6ee7,buildings,1,中国古代建筑成就,建筑,故宫,故宫,皇宫,明,明 1420,1420,1420,text_year,1,pass,exact_or_alias_exact,故宫在中国北京市市中心，旧称紫禁城。于明代永乐十八年（1420年）建成，是明、清两代的皇宫，汉族宫殿建筑之精华，无与伦比的古代建筑杰作，世界现存最大、最完整的木质结构的古建筑群。故宫全部建筑由“前朝”与“内廷”两部分组成，四周有城墙围绕。四面由筒子河环抱。城四角有角楼。四面各有一门，正南是午门，为故宫的正门。2011年国庆期间，故宫8万人限流措施一度“失守”，对此，故宫有关负责人表示，今后故宫将考虑推行分时段限流，日限8万人不变。,https://baike.baidu.com/item/%E6%95%85%E5%AE%AB,baike.baidu.com,baidu,2026-04-14T09:29:32+00:00,F:\ancientbuilding\raw_cn\buildings\baidu\ab3d72f3768f6ee7.html,{}
eba83e5ac6474bdf,buildings,1,中国古代建筑成就,建筑,北京故宫,北京故宫,皇宫,明,明 1406,1406,1406,text_year,1,pass,exact_or_alias_exact,北京故宫，全名北京故宫博物院，旧称为紫禁城，位于北京中轴线的中心，是中国明、清两代24位皇帝的皇家宫殿，是中国古代汉族宫廷建筑之精华，无与伦比的建筑杰作，也是世界上现存规模最大、保存最为完整的木质结构的古建筑之一。它有大小宫殿七十多座，房屋九千余间，以太和、中和、保和三大殿为中心。北京故宫由明成祖朱棣永乐四年（公元1406年）开始建设，以南京故宫为蓝本营建，到明代永乐十八年（公元1420年）建成，占地面积约为72万平方米，建筑面积约为15万平方米，它是一座长方形城池，东西宽七百五十三米，南北长九百六十一米。周围筑有十米多高的城墙，并有一条宽五十二米的护城河环绕，构成了“城中之城”。宫殿建筑均是木结构、黄琉璃瓦顶、青白石底座。故宫被誉为世界五大宫之首（北京故宫、法国凡尔赛宫、英国白金汉宫、美国白宫和俄罗斯克里姆林宫），已被列为世界文化遗产、全国重点文物保护单位、国家AAAAA级旅游景区。20,https://baike.baidu.com/item/%E5%8C%97%E4%BA%AC%E6%95%85%E5%AE%AB,baike.baidu.com,baidu,2026-04-14T09:29:36+00:00,F:\ancientbuilding\raw_cn\buildings\baidu\eba83e5ac6474bdf.html,{}
41fa58b5d12309e4,buildings,1,中国古代建筑成就,建筑,沈阳故宫,沈阳故宫,皇宫,汉,汉 158,158,158,text_year,1,pass,exact_or_alias_exact,沈阳故宫，又称盛京皇宫，位于辽宁省沈阳市沈河区，为清朝初期的皇宫。沈阳故宫始建于清太祖天命十年（1625年），建成于清崇德元年（1636年）。总占地面积63272平方米，建筑面积18968平方米。它不仅是中国仅存的两大皇家宫殿建筑群之一，也是中国关外唯一的一座皇家建筑群。清朝迁都北京后，故宫被称作“陪都宫殿”“留都宫殿”。后来就称之为沈阳故宫。共经历努尔哈赤、皇太极、乾隆三个建造时期，历时158年。建筑100余座、500余间。入关以后，康熙、乾隆、嘉庆、道光，相继十次“东巡”时作为驻跸所在。沈阳故宫按照建筑布局和建造先后，可以分为3个部分：东路、中路和西路。东路包括努尔哈赤时期建造的大政殿与十王亭，是皇帝举行大典和八旗大臣办公的地方。中路为清太宗时期续建，是皇帝进行政治活动和后妃居住的场所。西路则是清朝皇帝“东巡”盛京时，读书看戏和存放《四库全书》的场所。在建筑艺术上承袭了中国古代建筑传统,https://baike.baidu.com/item/%E6%B2%88%E9%98%B3%E6%95%85%E5%AE%AB/281771,baike.baidu.com,baidu,2026-04-14T09:29:39+00:00,F:\ancientbuilding\raw_cn\buildings\baidu\41fa58b5d12309e4.html,"{""中文名"": ""沈阳故宫"", ""外文名"": ""The Imperial Palace of Shenyang"", ""地理位置"": ""辽宁省沈阳市沈河区"", ""所处时代"": ""清"", ""占地面积"": ""63272 m² [2]"", ""保护级别"": ""第一批全国重点文物保护单位、世界文化遗产 [8]"", ""开放时间"": ""2月11日-2月12日不开放；2月15日 09:00-16:30；4月10日-10月10日周二至周日 08:30-17:30；10月11日-次年4月9日周二至周日 09:00-16:30；每周一闭馆"", ""门票价格"": ""50元 [32]"", ""批准单位"": ""中华人民共和国国务院、世界遗产委员会"", ""批 号"": ""III-65 [8]"", ""主要建筑"": ""大政殿、十王亭、崇政殿、凤凰楼、清宁宫等"", ""修建时间"": ""天命十年（1625年）"", ""官方电话"": ""024-24843001,024-24843819""}"
6da1966f56557fbc,buildings,1,中国古代建筑成就,建筑,阿房宫,阿房宫,皇宫,秦,秦 -221,-221,-221,dynasty:秦代,1,pass,exact_or_alias_exact,秦代“法天象地”的渭河—南山轴线上的核心宫殿。,https://www.zgbk.com/ecph/words?SiteID=1&ID=409232&Type=bkzyb&Preview=false,www.zgbk.com,zgbk,2026-04-14T09:29:49+00:00,F:\ancientbuilding\raw_cn\buildings\zgbk\6da1966f56557fbc.html,"{""英文名称"": ""Epang Palace"", ""所属学科"": ""人居环境科学-风景园林学""}"
3f7acc74d76f3a07,buildings,1,中国古代建筑成就,建筑,平遥县衙,平遥县衙,官府,元,元 1346,1346,1346,text_year,1,pass,exact_or_alias_exact,平遥县衙坐落于平遥古城中心，始建于北魏，定型于元明清，保存下来最早的建筑在元至正六年（1346年），距今已有六百多年的历史，整座衙署坐北朝南，呈轴对称布局，南北轴线长二百余米，东西宽一百余米，占地26000余平方米。平遥县衙，这座古县衙的主要建筑均有楹联，如大堂楹联：“吃百姓之饭，穿百姓之衣，莫道百姓可欺，自己也是百姓”；“得一官不荣，失一官不辱，勿说一官无用，地方全靠一官”。二堂楹联“与百姓有缘才到此地”；“期寸心无愧不负斯民”。,https://baike.baidu.com/item/%E5%B9%B3%E9%81%A5%E5%8E%BF%E8%A1%99,baike.baidu.com,baidu,2026-04-14T09:29:59+00:00,F:\ancientbuilding\raw_cn\buildings\baidu\3f7acc74d76f3a07.html,"{""中文名"": ""平遥县衙"", ""地理位置"": ""山西省 晋中市平遥古城内 [1]"", ""开放时间"": ""8:00-18:00，17:30停止入场 [1]"", ""景点级别"": ""AAAA级"", ""景区地位"": ""全国现存规模最大的县衙"", ""建筑风格"": ""主从有序，错落有致，结构合理"", ""景点年代"": ""北魏""}"
b7328c6cf51b5db4,buildings,1,中国古代建筑成就,建筑,恭王府,恭王府,民居,清,清 1851,1851,1851,text_year,1,pass,exact_or_alias_exact,恭王府（Prince Gong’s Mansion）国家重点文物保护单位，为清代规模最大的一座王府，曾先后作为和珅、永璘的宅邸。1851年恭亲王奕訢成为宅子的主人，恭王府的名称也因此得来。恭王府历经了清王朝由鼎盛而至衰亡的历史进程，承载了极其丰富的历史文化信息，故有了“一座恭王府，半部清代史”的说法。清室覆亡后，府邸的产权曾归属辅仁大学，1988年，恭王府花园对外开放，2008年恭王府完成府邸修缮工程后，全面对外开放。恭王府分中东西三路，分别由多个四合院组成，后为长160米的二层后罩楼。中路的3座建筑是府邸的主体，一是大殿，二是后殿，三是延楼。延楼东西长160米，有40余间房屋。东路和西路各有3个院落，和中路遥相呼应。王府的最后部分是花园，20多个景区各不相同。,https://baike.baidu.com/item/%E6%81%AD%E7%8E%8B%E5%BA%9C,baike.baidu.com,baidu,2026-04-14T09:30:01+00:00,F:\ancientbuilding\raw_cn\buildings\baidu\b7328c6cf51b5db4.html,{}
efa03939e0fc6dd6,buildings,1,中国古代建筑成就,建筑,乔家大院,乔家大院,民居,清,清 1644,1644,1644,dynasty:清代,1,pass,exact_or_alias_exact,中国清代著名的晋商宅院。又名在中堂。,https://www.zgbk.com/ecph/words?SiteID=1&ID=777635&Type=bkzyb&Preview=false,www.zgbk.com,zgbk,2026-04-14T09:30:09+00:00,F:\ancientbuilding\raw_cn\buildings\zgbk\efa03939e0fc6dd6.html,"{""英文名称"": ""Qiao Family Courtyard"", ""所属学科"": ""人居环境科学-建筑学""}"
7d9bb4ff936912a3,buildings,1,中国古代建筑成就,建筑,马氏庄园,马氏庄园,民居,清,清 1644,1644,1644,dynasty:清代,1,pass,exact_or_alias_exact,马氏庄园位于河南省安阳市西部20公里的西蒋村，是清代广东巡抚马丕瑶的府第，建于清光绪至民国初期，保存完好，占地面积20000多平方米，其中建筑面积5000多平方米，被学者称为“中州大地绝无仅有的封建官僚府第建筑标本”，“中原第一官宅”，是全国重点文物保护单位，国家AAAA级旅游景区，全国红色旅游经典景区，河南省廉政教育基地。2017年1月，马氏庄园被列入《全国红色旅游经典景区名录》。,https://baike.baidu.com/item/%E9%A9%AC%E6%B0%8F%E5%BA%84%E5%9B%AD/7059976,baike.baidu.com,baidu,2026-04-14T09:30:12+00:00,F:\ancientbuilding\raw_cn\buildings\baidu\7d9bb4ff936912a3.html,"{""中文名"": ""马氏庄园"", ""地理位置"": ""安阳市安阳县蒋村镇西蒋村 [9]"", ""气候条件"": ""暖温带大陆性季风气候"", ""开放时间"": ""4月18日-12月31日 09:00-17:00 [9]"", ""景点级别"": ""AAAA级"", ""门票价格"": ""40.00元"", ""占地面积"": ""20000多平方米"", ""著名景点"": ""马丕瑶旧居 、 马吉森旧居 、 马青霞旧居"", ""级别批次"": ""第七批全国重点文物保护单位"", ""批准单位"": ""国务院"", ""时 代"": ""清代"", ""批准时间"": ""2013年5月3日"", ""官方电话"": ""0372－3233666 [8]""}"
1724463f8b32d906,buildings,1,中国古代建筑成就,建筑,福建土楼,福建土楼,民居,清,清 1644,1644,1644,dynasty:清代,1,pass,exact_or_alias_exact,福建土楼，分布于福建和广东两省，主要有龙岩市境内的永定土楼，漳州市境内的南靖土楼、华安土楼、平和土楼、诏安土楼、云霄土楼、漳浦土楼以及泉州土楼等。福建土楼产生于宋元，成熟于明末、清代和民国时期。土楼以石为基，以生土为主要原料，分层交错夯筑，配上竹木作墙骨牵拉，丁字交叉处则用木定型锚固。福建土楼或方或圆，以圆为主，如珍珠般洒落在闽西南的绿水青山间。福建土楼遵循了“天人合一”的东方哲学理念，就地取材，选址或依山就势、或沿循溪流，建筑风格古朴粗犷，形式优美奇特，尺度适当，功能齐全实用，与青山、绿水、田园风光相得益彰，组成了适宜的人居环境以及人与自然和谐统一的景观。2008年7月6日，福建土楼（包括永定区初溪土楼群、洪坑土楼群、高北土楼群及衍香楼、振福楼、南靖县田螺坑土楼群、河坑土楼群及怀远楼、和贵楼、华安县大地土楼群。）在世界遗产大会上被正式列入《世界遗产名录》。,https://baike.baidu.com/item/%E7%A6%8F%E5%BB%BA%E5%9C%9F%E6%A5%BC/10143115,baike.baidu.com,baidu,2026-04-14T09:30:27+00:00,F:\ancientbuilding\raw_cn\buildings\baidu\1724463f8b32d906.html,"{""中文名"": ""福建土楼"", ""外文名"": ""Fujian Tulou [31]"", ""地理位置"": ""福建省永定区、南靖县、华安县 [6]"", ""著名景点"": ""承启楼 、 振成楼 、 怀远楼 、 二宜楼 、 集庆楼"", ""保护级别"": ""世界遗产名录""}"
4059e3149712081b,buildings,1,中国古代建筑成就,建筑,安济桥,安济桥,桥梁,隋,隋 605,605,605,text_year,1,pass,exact_or_alias_exact,隋大业（605～617）年间建成的敞肩石拱桥。又称 赵州桥 。,https://www.zgbk.com/ecph/words?SiteID=1&ID=493885&Type=bkzyb&Preview=false,www.zgbk.com,zgbk,2026-04-14T09:30:44+00:00,F:\ancientbuilding\raw_cn\buildings\zgbk\4059e3149712081b.html,"{""英文名称"": ""Anji Bridge"", ""又称"": ""赵州桥"", ""设计者"": ""李春"", ""兴建时间"": ""隋大业（605～617）年间"", ""地址"": ""坐落于今河北省赵县南的洨河之上""}"
fc75e6e20697e1bc,buildings,1,中国古代建筑成就,建筑,广济桥,广济桥,桥梁,宋,宋 1171,1171,1171,text_year,1,pass,exact_or_alias_exact,广济桥，古称康济桥、丁侯桥、济川桥，俗称湘子桥，位于潮州古城东门外，横跨韩江，联结东西两岸，为古代闽粤交通要津。广济桥以集梁桥、浮桥、拱桥于一体的独特风格，与赵州桥、洛阳桥、卢沟桥并称中国著名古桥。该桥始建于南宋乾道七年（公元1171年），至明嘉靖九年（公元1530年）形成“十八梭船廿四洲”的格局。解放前夕广济桥已是残破不堪。1958年对全桥进行加固维修，并拆除了十八梭船，改建为三孔钢架及两处高桩承台式桥梁。2003年10月，广济桥开始进行全面维修，总体按明代风格为修复依据，功能定位为旅游观光步行桥，2007年竣工。修复工程在21座古桥墩上面重建了形态各异、古色古香的12座楼阁和18座亭屋，中间的十八梭船浮桥也得到恢复。1988年3月被国务院公布为全国重点文物保护单位。,https://baike.baidu.com/item/%E5%B9%BF%E6%B5%8E%E6%A1%A5,baike.baidu.com,baidu,2026-04-14T09:30:52+00:00,F:\ancientbuilding\raw_cn\buildings\baidu\fc75e6e20697e1bc.html,{}
6b39761cf52aac4b,buildings,1,中国古代建筑成就,建筑,安平桥,安平桥,桥梁,宋,宋 1138,1138,1138,text_year,1,pass,exact_or_alias_exact,安平桥（Anping Bridge），曾用名五里桥、西桥、安海桥，是中国福建省泉州市境内连接晋江市和南安市的一座桥梁，是世界上中古时代最长的梁式石桥，也是中国现存最长的海港大石桥，是古代桥梁建筑的杰作，享有“天下无桥长此桥”之誉。安平桥始建于南宋绍兴八年（1138年），绍兴二十二年（1152年），安平桥竣工投入使用；明清两代曾多次重修；民国17年（1928年）1月，因安平桥毁坏，踊跃募捐，重修安平桥；1981年2月，安平桥依原状进行全面翻修开工；1985年5月，安平桥翻修竣工；2007年底，安平桥抢险加固工程开工；2009年7月24日，安平桥抢险加固工程验收投入使用。安平桥地处晋江市安海镇与南安市水头镇交界的海湾上，扼晋江、南安两地水陆交通的要冲。地理坐标为北纬 24°30' ~ 25°56 ，东经117°25' ~119°05'，该桥东起兴安路，上跨安海湾，西至水头街，桥梁全长2255米,https://baike.baidu.com/item/%E5%AE%89%E5%B9%B3%E6%A1%A5,baike.baidu.com,baidu,2026-04-14T09:30:54+00:00,F:\ancientbuilding\raw_cn\buildings\baidu\6b39761cf52aac4b.html,"{""中文名"": ""安平桥"", ""外文名"": ""Anping Bridge"", ""地理位置"": ""福建省泉州晋江市安海镇兴安路3号 [11]"", ""开放时间"": ""全年09:00-18:00 [11]"", ""景点级别"": ""AAAA级"", ""门票价格"": ""免费 [11]"", ""别 名"": ""五里桥、西桥、安海桥"", ""始建日期"": ""南宋绍兴八年（公元1138年）"", ""投用日期"": ""绍兴二十二年（公元1152年）"", ""所属地区"": ""中国 福建省 泉州市"", ""类 型"": ""连梁式石板平桥 、观赏桥"", ""长 度"": ""2255 m [10] （截至2021年7月）"", ""宽 度"": ""3至3.8米"", ""起止位置"": ""兴安路、水头街"", ""管理机构"": ""泉州市文化广电和旅游局"", ""曾用名"": ""五里桥"", ""官方电话"": ""0595-82000910 [11]""}"
0ae38ab25f4d0529,buildings,1,中国古代建筑成就,建筑,洛阳桥,洛阳桥,桥梁,宋,宋 1041,1041,1041,text_year,1,pass,exact_or_alias_exact,洛阳桥（Luoyang Bridge），曾用名“万安桥”，在万安桥（洛阳桥）尚未修建之时，这里原有古渡口——万安渡（亦名洛阳渡），故名。洛阳桥是现存最早的跨海梁式石桥，是中国福建省泉州市境内连接台商投资区和洛江区的一座桥梁，位于洛阳江水道之上，素有“海内第一桥”之誉，是古代“四大名桥”之一。宋庆历年间（1041年至1048年），在洛阳江修建浮桥，常被风浪冲垮；宋皇祐五年（公元1053年），洛阳桥始建；泉州太守蔡襄第二次知泉州后，积极着手续建洛阳桥；嘉祐四年（公元1059年），洛阳桥前后历六年之久，建成了这座跨江接海的大石桥；民国21年（1932年），洛阳桥改建为钢筋混凝土桥面；民国27年（1938年），洛阳桥被日本飞机炸毁；1962年，洛阳桥进行维修；1963年4月，洛阳桥维修完成通车；1993年，洛阳桥进行全面修建；1996年10月，洛阳桥恢复古桥旧貌，开放通行。洛阳桥位于福建省泉州台商,https://baike.baidu.com/item/%E6%B4%9B%E9%98%B3%E6%A1%A5/3550436,baike.baidu.com,baidu,2026-04-14T09:30:59+00:00,F:\ancientbuilding\raw_cn\buildings\baidu\0ae38ab25f4d0529.html,"{""中文名"": ""洛阳桥"", ""外文名"": ""Luoyang Bridge"", ""投用时间"": ""嘉祐四年（公元1059年）"", ""所属地区"": ""中国福建省泉州市"", ""类 型"": ""梁式大石桥"", ""长 度"": ""834 m"", ""宽 度"": ""7 m"", ""始建日期"": ""皇祐五年（公元1053年）"", ""起止位置"": ""蔡襄路、桥南路"", ""管理机构"": ""泉州市文化广电和旅游局""}"
cc4cf1f8f78978a0,buildings,1,中国古代建筑成就,建筑,五亭桥,五亭桥,桥梁,清,清 1757,1757,1757,text_year,1,pass,exact_or_alias_exact,五亭桥有“中国最美的桥”之称，是古代桥梁建筑的杰作。位于国家5A级景区——江苏省扬州市瘦西湖内，是扬州市的地标建筑，五亭桥始建于乾隆二十二年（1757年），是仿北京北海的五龙亭和十七孔桥而建的，又叫莲花桥。“上建五亭、下列四翼，桥洞正侧凡十有五。”建筑风格既有南方之秀，也有北方之雄。中秋之夜，可感受到“面面清波涵月影，头头空洞过云桡，夜听玉人箫”的绝妙佳境，具有极高的桥梁工程技术和艺术水平。,https://baike.baidu.com/item/%E4%BA%94%E4%BA%AD%E6%A1%A5,baike.baidu.com,baidu,2026-04-14T09:31:02+00:00,F:\ancientbuilding\raw_cn\buildings\baidu\cc4cf1f8f78978a0.html,{}
6d2b2b0e6c1e0e02,buildings,1,中国古代建筑成就,建筑,玉带桥,玉带桥,桥梁,清,清 1736,1736,1736,text_year,1,pass,exact_or_alias_exact,全国各地有许多桥梁名曰“玉带桥”。其中最著名的一座位于北京颐和园昆明湖长堤上，建于清乾隆年间（公元1736-1795年）。该桥单孔净跨11.38米，矢高约7.5米，全部用玉石琢成，桥面是双反向曲线，组成波形线桥型，配有精制白石栏板，显得格外富丽堂皇。其它的如江西省信丰县玉带桥，等等。,https://baike.baidu.com/item/%E7%8E%89%E5%B8%A6%E6%A1%A5,baike.baidu.com,baidu,2026-04-14T09:31:09+00:00,F:\ancientbuilding\raw_cn\buildings\baidu\6d2b2b0e6c1e0e02.html,{}
054826d6848d3dcf,buildings,1,中国古代建筑成就,建筑,泸定桥,泸定桥,桥梁,清,清 1705,1705,1705,infobox:始建时间=清康熙四十四年（1705年）,1,pass,exact_or_alias_exact,泸定桥（Luding Chain Bridge），又名大渡桥，是中国四川省甘孜藏族自治州泸定县泸桥镇境内的一座跨大渡河铁索桥，为泸定桥风景区的主要景观文物。泸定桥始建于清康熙四十四年（1705年）九月，于清康熙四十五年（1706年）四月投入使用；于1961年3月4日被纳入中国首批全国重点文物保护单位；于2003年纳入景区管理。泸定桥全长103.67米，宽3米，由13根锁链组成，为一座历史悠久的古桥；该桥因“飞夺泸定桥”战斗而闻名中外。,https://baike.baidu.com/item/%E6%B3%B8%E5%AE%9A%E6%A1%A5,baike.baidu.com,baidu,2026-04-14T09:31:12+00:00,F:\ancientbuilding\raw_cn\buildings\baidu\054826d6848d3dcf.html,"{""中文名"": ""泸定桥"", ""外文名"": ""Luding Chain Bridge"", ""别 名"": ""大渡桥"", ""始建时间"": ""清康熙四十四年（1705年）"", ""投用时间"": ""清康熙四十五年（1706年）"", ""所属地区"": ""中国 四川省 甘孜藏族自治州 泸定县"", ""类 型"": ""铁索桥（吊桥）"", ""长 度"": ""103.67 m"", ""管理机构"": ""甘孜州泸定县泸定桥文物管理局""}"
9adcc2c43ca8ceff,buildings,1,中国古代建筑成就,建筑,未央宫,未央宫,皇宫,汉,汉 -200,-200,-200,text_year,1,pass,exact_or_alias_exact,未央宫，西汉帝国的大朝正宫，汉朝的政治中心和国家象征，建于汉高祖七年（前200年），由刘邦重臣萧何监造，在秦章台的基础上修建而成，位于汉长安城地势最高的西南角龙首原上，因在长安城安门大街之西，又称西宫。自未央宫建成之后，西汉皇帝都居住在这里，成为汉帝国200余年间的政令中心，所以在后世人的诗词中，未央宫已经成为汉宫的代名词。西汉以后，未央宫仍是新莽、西晋、前赵、前秦、后秦、西魏、北周等多个朝代的理政之地，隋唐时也被划为禁苑的一部分，存世1041年，是中国历史上使用朝代最多、存在时间最长的皇宫。未央宫是丝绸之路的东方起点，建元二年（前139年），张骞就是在未央宫领取汉武帝的旨意出使西域，从而拉开了轰轰烈烈的凿空之旅，展示了位于丝绸之路东端的东方文明发展水平，见证了汉长安城在丝绸之路发展历程中，兼具时间与空间上的双重起点价值。未央宫是中国古代规模最大的宫殿建筑群之一，总面积约5平方千米，亭台楼,https://baike.baidu.com/item/%E6%9C%AA%E5%A4%AE%E5%AE%AB/22415,baike.baidu.com,baidu,2026-04-14T09:31:22+00:00,F:\ancientbuilding\raw_cn\buildings\baidu\9adcc2c43ca8ceff.html,"{""中文名"": ""未央宫"", ""外文名"": ""Weiyang Palace"", ""地理位置"": ""陕西省西安市未央区"", ""所处时代"": ""汉高祖 七年（前200年）"", ""占地面积"": ""约 5 km²"", ""保护级别"": ""第一批全国重点文物保护单位"", ""别 名"": ""西宫"", ""荣 誉"": ""世界文化遗产"", ""门票价格"": ""免费"", ""建议游玩时长"": ""1—2小时"", ""适宜游玩季节"": ""春夏秋三季"", ""所属国家"": ""中国"", ""所属城市"": ""陕西省西安市""}"
67b3433578f9c549,buildings,1,中国古代建筑成就,建筑,长乐宫,长乐宫,皇宫,汉,汉 -202,-202,-202,dynasty:汉代,1,pass,exact_or_alias_exact,长乐宫是中国汉代的“三宫”之一，属于西汉皇家宫殿群。与未央宫、建章宫同为汉代三宫。汉高祖之后为太后居所。因其位于未央宫东，又称东宫。意为“长久快乐”，长乐宫总面积约6平方公里，相当于约8个故宫大小。（故宫总面积为0.72平方公里）。,https://baike.baidu.com/item/%E9%95%BF%E4%B9%90%E5%AE%AB/28229,baike.baidu.com,baidu,2026-04-14T09:31:40+00:00,F:\ancientbuilding\raw_cn\buildings\baidu\67b3433578f9c549.html,{}
f606f7c0f75c62a6,buildings,1,中国古代建筑成就,建筑,太极宫,太极宫,皇宫,隋,隋 582,582,582,text_year,1,pass,exact_or_alias_exact,太极宫位于长安城中轴线北部，始建于隋文帝开皇二年（582年），隋称大兴宫，唐睿宗景云元年(710年)改称太极宫。因其为唐帝国的正宫，故又称“京大内”，唐高宗时期修大明宫后改称太极宫为“西内”。太极宫之南为皇城，北倚长安北墙，北墙外为西内苑，内苑之北为禁苑（隋大兴苑），东西两侧分别是太子所居住的东宫与掖庭宫。太极宫遗址位于现在西安市核心区内，全为现代建筑所覆压，尚无条件进行考古发掘。据勘测及文献记载可知，宫城（包括东宫及掖庭宫）东西宽2830．3米，南北长1492．1米。宫城城墙为夯土板筑，墙壁高三丈五尺（合10．3米），墙基宽一般在18米左右，只有东城墙部分的宽度是14米多。,https://baike.baidu.com/item/%E5%A4%AA%E6%9E%81%E5%AE%AB,baike.baidu.com,baidu,2026-04-14T09:31:45+00:00,F:\ancientbuilding\raw_cn\buildings\baidu\f606f7c0f75c62a6.html,{}
94177291dae4053b,buildings,1,中国古代建筑成就,建筑,紫禁城,紫禁城,皇宫,明,明 1420,1420,1420,text_year,1,pass,exact_or_alias_exact,紫禁城（Forbidden City）是中国明、清两代24个皇帝的皇宫。明朝第三位皇帝朱棣迁都北京，开始营造紫禁城宫殿，至明永乐十八年（1420年）落成。依照中国古代星象学，紫微垣位于中天，乃天帝所居，天人对应，是以皇帝的居所又称紫禁城。,https://baike.baidu.com/item/%E7%B4%AB%E7%A6%81%E5%9F%8E,baike.baidu.com,baidu,2026-04-14T09:32:13+00:00,F:\ancientbuilding\raw_cn\buildings\baidu\94177291dae4053b.html,{}
f1871cdde05d9d57,buildings,1,中国古代建筑成就,建筑,宝带桥,宝带桥,桥梁,唐,唐 816,816,816,text_year,1,pass,exact_or_alias_exact,宝带桥（Baodai Bridge），别名长桥，是中国江苏省苏州市境内的一座桥梁，南北横卧于大运河和澹台湖之间的玳玳河口，与古运河平行，是中国古代十大名桥之一，也是中国现存的古代桥梁中，最长的一座多孔石桥，是中国现存最长、保存最完整的一座大型古代连拱石桥。宝带桥始建唐元和十一年（816年）；唐元和十四年（819年），宝带桥竣工投入使用；明正统十一年（1446年），宝带桥重新建设，形制与规模多基本沿袭至今；清同治二年（公元1863年），英军戈登驾舰攻打苏州，宝带桥连续倒塌；1956年，宝带桥修葺恢复旧观。宝带桥位于江苏省苏州市城南街道，该桥东方大道与吴东路交界处，起于大运河，上跨玳玳河水道，终至澹台湖，桥梁全长316.8米，宽4.1米，桥孔53孔。,https://baike.baidu.com/item/%E5%AE%9D%E5%B8%A6%E6%A1%A5/3954541,baike.baidu.com,baidu,2026-04-14T09:32:19+00:00,F:\ancientbuilding\raw_cn\buildings\baidu\f1871cdde05d9d57.html,"{""中文名"": ""宝带桥"", ""外文名"": ""BaodaiBridge"", ""始建日期"": ""唐元和十一年（816年） [13]"", ""投用日期"": ""唐元和十四年（819年）"", ""所属地区"": ""中国 江苏省 苏州市"", ""类 型"": ""连拱式古桥"", ""长 度"": ""3l6.8米"", ""宽 度"": ""4.1 m"", ""起止位置"": ""起于 大运河 ，终于 澹台湖"", ""管理机构"": ""苏州市文物保护管理所、苏州市吴中区文物管理所""}"
7e4becc52e48bea9,buildings,1,中国古代建筑成就,建筑,灞桥,灞桥,桥梁,隋,隋 583,583,583,text_year,1,pass,exact_or_alias_exact,灞桥（Ba Bridge），曾用名情尽桥、断肠桥、销魂桥，是中国陕西省西安市灞桥区境内的一座桥梁，位于灞河水道之上，是中国历史上最古老、久负盛名而又相当宏伟的一座桥，是中国古代十大名桥之一，曾是西安东去的一条必经通道。春秋时期，秦穆公称霸西戎，将滋水改为灞水并修桥，故称“灞桥”；地皇三年（22年），灞桥水灾，王莽认为不是吉兆，将桥名改为“长存桥”；隋开皇三年（583年），灞桥重新建造；清道光十四年（1834年），按旧制加建灞桥；1955年，灞桥改建为新式钢筋混凝土板桥。灞桥北起柳亭路和灞河东路交汇处，上跨灞河水道，南至柳亭路和柳雪路交汇处，桥梁全长386.2米，宽7米。,https://baike.baidu.com/item/%E7%81%9E%E6%A1%A5/1945367,baike.baidu.com,baidu,2026-04-14T09:32:23+00:00,F:\ancientbuilding\raw_cn\buildings\baidu\7e4becc52e48bea9.html,"{""中文名"": ""灞桥"", ""外文名"": ""Ba Bridge"", ""始建日期"": ""春秋时期"", ""投用日期"": ""春秋时期"", ""所属地区"": ""中国陕西省西安市"", ""长 度"": ""386.2米（截至1973年）"", ""宽 度"": ""7米（截至1973年）"", ""起止位置"": ""北起柳亭路、南至柳亭路"", ""管理机构"": ""西安市文物局、西安市交通运输局""}"
e9be78ac092854c8,buildings,1,中国古代建筑成就,建筑,内乡县衙,内乡县衙,民居,元,元 1304,1304,1304,text_year,1,pass,exact_or_alias_exact,内乡县衙，国家4A级文化旅游景区，位于河南省南阳市内乡县城东大街。据《内乡县志》记载，县衙始建于元大德八年(公元1304年)，历经明、清多次维修和扩建，逐渐形成一组规模宏大的官衙式建筑群。内乡县衙座北面南，占地面积8500平方米，中轴线上排列着主体建筑大门、大堂、二堂、迎宾厅、三堂，两侧建有庭院和东西账房等，共6组四合院，85间房屋，均为清代建筑，被专家誉为“神州大地绝无仅有的历史标本”。内乡县衙是中国唯一保存最完好的封建时代县衙。1996年被国务院列为全国重点文物保护单位，2002年被《中国文物报》评为“世界文化多样性十佳博物馆”，2006年荣膺国家AAAA级景区，2014年内乡县衙再度入选河南省文明风景旅游区。内乡县衙与北京故宫等一起被誉为是中国四大古代官衙国际旅游专线，享有“北有故宫，南有县衙”、“一座古县衙，半部官文化”的美称。习近平总书记曾给市、县委书记们念了一副对联：“得一官不,https://baike.baidu.com/item/%E5%86%85%E4%B9%A1%E5%8E%BF%E8%A1%99,baike.baidu.com,baidu,2026-04-14T09:34:04+00:00,F:\ancientbuilding\raw_cn\buildings\baidu\e9be78ac092854c8.html,{}
21a44b69ec7ad4a3,buildings,1,中国古代建筑成就,建筑,浮梁县衙,浮梁县衙,官府,唐,唐 816,816,816,text_year,1,pass,exact_or_alias_exact,浮梁县衙，位于江西省景德镇市浮梁县浮梁镇旧城村，始建于唐朝元和十一年（816年）。按照清道光《浮梁县志》中的浮梁县署分布图记载，县衙坐北朝南，主体建筑在东、中、西轴上，呈三列由南向北依次排列，中轴线上分布有照壁、头门、仪门、衙院、六房（吏房、户房、礼房、兵房、工房、刑房）、大堂（正堂）、二堂、三堂、花厅、后花园。现存浮梁县衙，是修复后中轴线上的六组古建筑，南至照壁、北至后院北围墙，东、西两侧以衙院围墙为界，占地2356.97平方米。,https://baike.baidu.com/item/%E6%B5%AE%E6%A2%81%E5%8E%BF%E8%A1%99,baike.baidu.com,baidu,2026-04-14T09:34:08+00:00,F:\ancientbuilding\raw_cn\buildings\baidu\21a44b69ec7ad4a3.html,{}
1432610d77b22c75,buildings,1,中国古代建筑成就,建筑,叶县县衙,叶县县衙,民居,明,明 1369,1369,1369,text_year,1,pass,exact_or_alias_exact,叶县县衙，位于河南省平顶山市叶县东大街，占地面积16848平方米，始建于明洪武二年（1369年）。叶县县衙是由中轴线及东、西两侧副线三部分建筑群组成的，除了位于中轴线上的大堂、二堂、三堂外，其东侧副线上由南向北依次分布着监狱、厨院、知县宅等建筑。西侧副线上有古时衙署内工作人员办公及休息的西群房，有知县反省自身功过的虚受堂、思补斋及南北书房等建筑，布局合理，风格古朴，充分显示了明代县级政权官署衙门的规制和风貌。叶县县衙建筑群落布局合理、规模宏大，其建筑形式融南北之风格，对研究中国古代建筑的风格、流派特点及变化规律等都具有重要价值。2006年5月25日，叶县县衙被中华人民共和国国务院公布为第六批全国重点文物保护单位。,https://baike.baidu.com/item/%E5%8F%B6%E5%8E%BF%E5%8E%BF%E8%A1%99,baike.baidu.com,baidu,2026-04-14T09:34:11+00:00,F:\ancientbuilding\raw_cn\buildings\baidu\1432610d77b22c75.html,"{""中文名"": ""叶县县衙"", ""地理位置"": ""河南省平顶山市叶县东大街"", ""所处时代"": ""明朝"", ""占地面积"": ""16848 m²"", ""保护级别"": ""第六批全国重点文物保护单位"", ""开放时间"": ""全年 9:00-18:00"", ""编 号"": ""6-637-3-340""}"
762a5f6ba7902744,buildings,1,中国古代建筑成就,建筑,临晋县衙,临晋县衙,官府,宋,宋 1279,1279,1279,text_year,1,pass,exact_or_alias_exact,临晋县衙位于山西省临猗县城西北20公里的临晋镇，为元代时临晋县衙署所在地。廨署创建于元大德间(1279～1307年)。明清两代及民国年间均有修葺，大堂的梁脊板上留有民国23年（1934年）10月最后一次重修题记。现存主体建筑大堂为元代原构，是山西省目 前保留下来的三处元代大堂建筑之一。,https://baike.baidu.com/item/%E4%B8%B4%E6%99%8B%E5%8E%BF%E8%A1%99,baike.baidu.com,baidu,2026-04-14T09:34:22+00:00,F:\ancientbuilding\raw_cn\buildings\baidu\762a5f6ba7902744.html,{}
2cfdf19d49c1c3b8,buildings,1,中国古代建筑成就,建筑,保定直隶总督署,直隶总督署,官府,清,清 1730,1730,1730,text_year,1,pass,exact_or_alias_fuzzy,直隶总督署，又称直隶总督部院，是中国一所保存完整的清代省级衙署。原建筑始建于元，明初为保定府衙，明永乐年间改做大宁都司署，清初又改作参将署。1730年（清雍正八年）经过大规模的扩建后正式建立总督署，历经雍正、乾隆、嘉庆、道光、咸丰、同治、光绪、宣统八帝，可谓是清王朝历史的缩影，曾驻此署的直隶总督共59人66任，如曾国藩、李鸿章、袁世凯、方观承等直到1909年清朝末代皇帝逊位才废止。民国年间是直系军阀曹锟的大本营。抗日战争和解放战争期间，曾是日伪和国民党河北省政府所在地，有“一座总督衙署，半部清史写照”之称。中华人民共和国建立后，河北省人民政府也曾驻此。1988年1月被国务院公布为第三批全国重点文物保护单位。,https://baike.baidu.com/item/%E7%9B%B4%E9%9A%B6%E6%80%BB%E7%9D%A3%E7%BD%B2?fromtitle=%E4%BF%9D%E5%AE%9A%E7%9B%B4%E9%9A%B6%E6%80%BB%E7%9D%A3%E7%BD%B2&fromid=10355253,baike.baidu.com,baidu,2026-04-14T09:34:30+00:00,F:\ancientbuilding\raw_cn\buildings\baidu\2cfdf19d49c1c3b8.html,{}
119af7377ba97e62,buildings,1,中国古代建筑成就,建筑,霍州署,霍州署,官府,唐,唐 618,618,618,dynasty:唐代,1,pass,exact_or_alias_exact,霍州署位于山西省临汾市霍州市东大街北侧，始建于唐代，占地面积3.85万平方米，现存古建筑为元、明、清古文化遗产。无论其位置选择、建筑规模，还是整体布局、形制设计，均为全国现存同类衙署之冠，是中国已知唯一一座保存较完整的古代州级署衙，凝聚着古代汉族劳动人民聪明才智，闪耀着中华民族历史文化光辉的璀璨明珠，在霍州大地重放异彩。霍州署和北京故宫博物院、河北保定总督署、河南内乡县衙共同为“中国四大古代官衙”。,https://baike.baidu.com/item/%E9%9C%8D%E5%B7%9E%E7%BD%B2,baike.baidu.com,baidu,2026-04-14T09:34:33+00:00,F:\ancientbuilding\raw_cn\buildings\baidu\119af7377ba97e62.html,"{""中文名"": ""霍州署"", ""地理位置"": ""临汾市霍州鼓楼 [4]"", ""气候条件"": ""温带季风气候"", ""开放时间"": ""7:30-18:00 [4]"", ""占地面积"": ""38500 m²""}"
29b442e843426212,buildings,1,中国古代建筑成就,建筑,密县县衙,密县县衙,官府,明,明 1400,1400,1400,text_year,1,pass,exact_or_alias_exact,密县县衙位于河南省会郑州西南43公里处，四周冈阜逶迤、山亘如堂，古称中州之奥区，是历代帝王入主中原、兵家必争之地。它历史悠久、文化灿烂，历经沧桑1400年，一直是方圆百里密县境域的政治、经济、文化之中心，古县衙所在地，原古名为法桥堡，隋代由密县县东大隗移此。坐座在原密县城之中心，北依开阳、青屏之山，南纳溱水、洧水之潆回，地阔2500余平方米，是殿台错落，房舍林立，气势恢宏的州治署衙。,https://baike.baidu.com/item/%E5%AF%86%E5%8E%BF%E5%8E%BF%E8%A1%99,baike.baidu.com,baidu,2026-04-14T09:34:37+00:00,F:\ancientbuilding\raw_cn\buildings\baidu\29b442e843426212.html,{}
5e4ec989466a515d,buildings,1,中国古代建筑成就,建筑,乾清宫,乾清宫,皇宫,明,明 1368,1368,1368,dynasty:明朝,1,pass,exact_or_alias_exact,乾清宫是内廷正殿，即民间所谓“后三宫（乾清宫、交泰殿、坤宁宫）中的第一座宫殿。乾清宫面阔9间，进深5间，高20米，重檐庑殿顶。殿的正中有宝座，两头有暖阁。乃明清十六个皇帝的寝宫： 明朝的十四个皇帝和清代的顺治、康熙两个皇帝，都以乾清宫为寝宫。他们在这里居住，也在平时处理日常政务。清代顺治、康熙年间，乾清宫与政务关系相当密切，皇帝在这里读书学习、批阅奏章、召见官员、接见外国使节以及举行内廷典礼和家宴。雍正帝虽移居养心殿，但还是经常到这里选派官吏、批阅奏文。 在乾清宫前露台两侧有两座石台，石台上各设一座鎏金铜亭，称做江山社稷金殿，口语也称其为金亭子。金殿深广各一间，每面安设四扇隔扇门，重檐。圆形攒尖式的上层檐上安有铸造古雅的宝顶，象征江山社稷掌握在皇帝手中。 乾清宫的南庑房有一南书房，据载，年少的康熙皇帝就在这里智擒了鳌拜，去掉了一个心腹大患。虽然故事流传的版本很多，但其是确确实实发生在乾,https://baike.baidu.com/item/%E4%B9%BE%E6%B8%85%E5%AE%AB/807535,baike.baidu.com,baidu,2026-04-14T09:34:40+00:00,F:\ancientbuilding\raw_cn\buildings\baidu\5e4ec989466a515d.html,{}
84addf6bc376a330,buildings,1,中国古代建筑成就,建筑,坤宁宫,坤宁宫,皇宫,明,明 1420,1420,1420,text_year,1,pass,exact_or_alias_exact,坤宁宫为中国古代宫殿建筑之精华。属于北京故宫内廷后三宫之一，位于交泰殿后面。坤宁宫宫名字出自《道德经》原文：昔之得一者，天得一以清，地得一以宁，神得一以灵，谷得一以盈，万物得一以生，侯王得一而以为天下贞。在古代皇后的地位跟皇帝相对，是天下女性中最尊贵的，皇帝是天，皇后就是地，皇帝是乾，皇后是坤，皇后也是天下间之唯一，皇后的寝宫取自道德经中的，坤得一以宁这一句，故名坤宁宫，同理天得一以清，皇帝寝宫名乾清宫。坤宁宫始建于明朝永乐十八年（1420年），正德九年（1514年）、万历二十四年（1596年）两次毁于火，万历三十三年（1605年）重建。清沿明制于顺治二年（1645年）重修，顺治十二年（1655年）仿盛京沈阳清宁宫再次重修。嘉庆二年（1797年）乾清宫失火，延烧此殿前檐，嘉庆三年（1798年）重修。乾清宫代表阳性，坤宁宫代表阴性，以表示阴阳结合，天地合璧之意。,https://baike.baidu.com/item/%E5%9D%A4%E5%AE%81%E5%AE%AB,baike.baidu.com,baidu,2026-04-14T09:34:43+00:00,F:\ancientbuilding\raw_cn\buildings\baidu\84addf6bc376a330.html,{}
0263d4bab84adce9,buildings,1,中国古代建筑成就,建筑,建福宫,建福宫,皇宫,清,清 1742,1742,1742,infobox:建造时间=清乾隆七年（1742年）,1,pass,exact_or_alias_exact,建福宫位于北京故宫内廷西路，始建于清乾隆七年（1742年），嘉庆七年（1802年）重修。建筑群呈南北狭长形制，东西宽约21米，南北长逾110米，以建福门、抚辰殿、建福宫、惠风亭和静怡轩构成四进庭院，其内部装修工艺为紫禁城代表作。初为乾隆守制所建，后成为皇帝游憩、书福及供奉神位场所，咸丰帝曾奉皇贵太妃在此进膳，孝德显皇后等神位亦设于此。建福宫花园于1923年毁于火灾，1999年启动复建工程，由香港中国文物保护基金会捐助，2006年5月竣工。复建后主要用于接待贵宾及文化交流活动，未对公众开放。2011年被指改为私人会所引发争议，故宫官方否认会所性质并声明由下属机构管理，期间涉及员工解雇事件。,https://baike.baidu.com/item/%E5%BB%BA%E7%A6%8F%E5%AE%AB/8948,baike.baidu.com,baidu,2026-04-14T09:34:46+00:00,F:\ancientbuilding\raw_cn\buildings\baidu\0263d4bab84adce9.html,"{""中文名"": ""建福宫"", ""位 置"": ""内廷西路 西六宫 西侧"", ""建造时间"": ""清乾隆七年（1742年）"", ""重修时间"": ""嘉庆 七年（1802年）"", ""核 心"": ""抚辰殿 、建福宫、 惠风亭 和 静怡轩"", ""东西宽"": ""约21m"", ""南北长"": ""逾110m""}"
5290f5720c582a3c,buildings,1,中国古代建筑成就,建筑,上驷院,上驷院,官府,清,清 1677,1677,1677,text_year,1,pass,exact_or_alias_exact,上驷院是清代内务府所属的三院之一（与武备院、奉宸苑合称“内三院”），掌管宫内所用之马。其衙门最初在东华门内三座门之西，后来改建在左翼门外。设监管事务大臣，无定员；卿二人（雍正六年定），正三品，其一由侍卫补授，其一由内务府司员补授。清初沿用明代之制，设御马监，顺治十八年(1661)更名为阿敦衙门，康熙十六年（公元1677年）改称上驷院。凡皇帝、后妃、皇子等出入，上驷院都供备马匹，供“御马”之选的叫“内马”，供仪仗者曰“仗马”。例如康熙年间，在紫禁城内、东安门内、西安门内、南苑及瓮山等地共设有马厩十六处，饲养马匹。此外在口外及盛京等处设牧场四个，如商都达布逊诺尔、达里冈爱、大凌河等牧厂，饲养马驼。上驷院实行“均查制度”以管理牧场马厩。康熙三十年前后，在瓮山设立的上驷院马厩还兼有圈禁犯罪太监的职能。宣统三年，辛亥革命爆发，清帝逊位，上驷院随之结束了它的历史使命。现代尚存的上驷院档案七万余件（册）,https://baike.baidu.com/item/%E4%B8%8A%E9%A9%B7%E9%99%A2,baike.baidu.com,baidu,2026-04-14T09:34:49+00:00,F:\ancientbuilding\raw_cn\buildings\baidu\5290f5720c582a3c.html,"{""中文名"": ""上驷院"", ""所处时代"": ""清朝"", ""成立时间"": ""1677年"", ""机构职能"": ""掌管宫内所用之马""}"
f06203b1d3c015fb,buildings,1,中国古代建筑成就,建筑,东六宫,东六宫,皇宫,明,明 1420,1420,1420,text_year,1,pass,exact_or_alias_exact,东六宫位于北京故宫中轴线东侧的东一长街，由景仁宫、承乾宫、钟粹宫、景阳宫、永和宫、延禧宫组成，始建于明永乐十八年（1420年）。建筑群均为二进院布局，黄琉璃瓦歇山或硬山顶，明清时期为嫔妃居所，现存建筑保留明代格局，部分宫苑存有乾隆御题匾额及彩画装饰。各宫在明清两代历经多次修缮：景仁宫清顺治十二年（1655年）重修；延禧宫历经道光年间火灾，1931年改建为文物库房。清代承乾宫居住过顺治帝孝献皇后董鄂氏，钟粹宫为咸丰帝年少居所，后为慈安太后居住地。东六宫前殿曾设屏风、宝座，用于后妃接受请安仪式。,https://baike.baidu.com/item/%E4%B8%9C%E5%85%AD%E5%AE%AB,baike.baidu.com,baidu,2026-04-14T09:34:56+00:00,F:\ancientbuilding\raw_cn\buildings\baidu\f06203b1d3c015fb.html,"{""中文名"": ""东六宫"", ""地理位置"": ""北京故宫中轴线东侧的东一长街"", ""气候条件"": ""温带季风气候"", ""开放时间"": ""4月1日-10月31日：08:30-17:00；11月1日-次年3月31日：08:30-16:30【每周一闭馆】"", ""景点级别"": ""国家5A旅游景区"", ""门票价格"": ""60元旺季/40元淡季"", ""著名景点"": ""景仁宫，承乾宫，钟粹宫，景阳宫，永和宫，延禧宫"", ""所属国家"": ""中国"", ""所属城市"": ""北京市""}"
a773885bc2b02a6c,buildings,1,中国古代建筑成就,建筑,南京故宫,南京故宫,皇宫,元,元 1366,1366,1366,text_year,1,pass,exact_or_alias_exact,南京故宫，又称明故宫、南京紫禁城，是明朝首都应天府（南京）的皇宫。建造前后历时二十余年，占地面积超过101.25万平方米，是中世纪世界上最大的宫殿建筑群，被称为“世界第一宫殿”。南京故宫作为中国古代都城宫殿建筑的集大成者，其建筑形制为北京故宫所继承，是北京故宫的蓝本。现部分遗址位于今中山东路南北两侧，已列为全国重点文物保护单位。南京故宫始建于元至正廿六年（1366年），明洪武廿五年（1392年）基本完工，其址选于元集庆城外东北处，迁三山填燕雀湖而建。明故宫为明初三朝皇宫，长达54年之久。直到明永乐十九年（1421年），明成祖朱棣迁都北京，南京设立南直隶，仍由皇族和重臣驻守，地位十分重要。南京故宫坐北向南，大体范围东至今中山门，西至西安门，北至后宰门，南至瑞金路，有门四座，南为午门，东为东华门，西为西华门，北为玄武门。入午门为奉天门，内为正殿奉天殿，殿前左右为文楼，武楼。后为华盖殿，谨身殿。,https://baike.baidu.com/item/%E5%8D%97%E4%BA%AC%E6%95%85%E5%AE%AB,baike.baidu.com,baidu,2026-04-14T09:34:59+00:00,F:\ancientbuilding\raw_cn\buildings\baidu\a773885bc2b02a6c.html,{}
55b2832b508a832b,buildings,1,中国古代建筑成就,建筑,宫殿建筑,宫殿建筑,皇宫,唐,唐 618,618,618,dynasty:唐代,1,pass,exact_or_alias_exact,"宫殿建筑是中国古代帝王行使皇权、处理政务、居住及满足精神与物质生活享受的大型建筑群，具有严格的中轴对称布局与""前朝后寝""功能分区，主体建筑多采用抬梁式木构架与黄琉璃瓦顶，整体呈现金玉交辉的装饰特征。现存北京故宫占地面积72万平方米，宫墙周长3400米，为现存规模最大的古代宫殿建筑群。商代洛阳二里头遗址开创廊庑围院式布局雏形，秦咸阳宫以星象规划形成关中宫殿群。唐代洛阳万象神宫高86米，其北侧天堂经多次重建后高度超过150米。明清北京故宫以三大殿为中心，沿袭前朝后寝制度，宫城四角设九梁十八柱角楼，轴线布局继承《周礼·考工记》""三朝五门""古制。历代宫殿形制自""茅茨土阶""逐步发展为高台宫室、宫苑结合与纵向三朝体系。",https://baike.baidu.com/item/%E5%AE%AB%E6%AE%BF%E5%BB%BA%E7%AD%91,baike.baidu.com,baidu,2026-04-14T09:35:05+00:00,F:\ancientbuilding\raw_cn\buildings\baidu\55b2832b508a832b.html,"{""中文名"": ""中国宫殿"", ""外文名"": ""Chinese palaces"", ""源 头"": ""商代 二里头遗址"", ""特 点"": ""金玉交辉、巍峨壮观""}"
f987349a6dd87fcb,buildings,1,中国古代建筑成就,建筑,明清皇宫,明清皇宫,皇宫,明,明 1406,1406,1406,text_year,1,pass,exact_or_alias_exact,故宫又称紫禁城，是中国明清两代的皇宫。故宫是世界上现存规模最大最完整的古代木结构建筑群，为我国现存最大最完整的古建筑群。它始建于明永乐四年（公元1406年），历时14年才完工，共有24位皇帝先后在此登基。,https://baike.baidu.com/item/%E6%98%8E%E6%B8%85%E7%9A%87%E5%AE%AB,baike.baidu.com,baidu,2026-04-14T09:35:08+00:00,F:\ancientbuilding\raw_cn\buildings\baidu\f987349a6dd87fcb.html,{}
d57e040e7dd2cb99,buildings,1,中国古代建筑成就,建筑,麟趾宫,麟趾宫,皇宫,魏晋,魏晋 286,286,286,text_year,1,pass,exact_or_alias_exact,麟趾宫位于沈阳故宫清宁宫西侧，建于清太宗天聪年间(1627—1635)，崇德元年(1636)定名麟趾，为清太宗皇太极贵妃娜木钟的寝宫，建筑形式为硬山殿顶五开间式。该宫亦称西宫，其所在建筑群与清宁宫、关雎宫等共同构成沈阳故宫中路中轴线的“宫高殿低”格局。娜木钟为博尔济吉特氏，蒙古阿巴垓郡王额齐格诺颜之女，原为漠南蒙古察哈尔林丹汗的囊囊太后。天聪九年(1635)归降后金，后被皇太极纳入宫中。崇德元年(1636)，皇太极改国号为“大清”并健全宫廷制度，对各宫殿正式命名，册封娜木钟为西宫贵妃，居麟趾宫。麟趾宫高12-13米，面阔18.5-19.5米，进深14.6-15.5米，面积286-334平方米。其里间为起居、梳妆和日常休息之所，外间为飨客、用膳和礼佛的场所。“麟趾”出自《诗·周南》，喻指有仁德、有才智的人。该宫属皇太极续建的大内宫阙组成部分，与凤凰楼、崇政殿等建筑共同构成沈阳故宫主体。,https://baike.baidu.com/item/%E9%BA%9F%E8%B6%BE%E5%AE%AB/5146909,baike.baidu.com,baidu,2026-04-14T09:35:17+00:00,F:\ancientbuilding\raw_cn\buildings\baidu\d57e040e7dd2cb99.html,"{""中文名"": ""麟趾宫"", ""别 名"": ""西宫"", ""位 置"": ""沈阳故宫 清宁宫 西侧"", ""定名时间"": ""崇德 元年"", ""建 于"": ""清太宗天聪年间""}"
05abfb70bbde5eca,buildings,1,中国古代建筑成就,建筑,宁寿宫,宁寿宫,皇宫,清,清 1689,1689,1689,text_year,1,pass,exact_or_alias_exact,宁寿宫（The Palace of Tranquil Longevity），位于北京市东城区景山前街4号北京故宫内，始建于清康熙二十八年（1689年）作为皇太后和太皇太后的寝宫，清乾隆三十七年（1772年）宁寿宫开始改造为归政临朝受贺之所，清乾隆四十一年（1776年）改造完工。宁寿宫分为外朝、内廷和花园三部分，宫殿建筑以寓意长寿、祥和为主题。宁寿宫最南端为九龙壁。外朝主要建筑自南向北，依次为皇极门、宁寿门、主殿皇极殿、后殿宁寿宫。内廷建筑可以分为中、东、西三路。中路主要建筑自南向北，依次为养性门、养性殿、乐寿堂、颐和轩、景祺阁。东路为休憩娱乐区，主要建筑自南向北，依次为畅音阁、阅是楼、寻沿书屋、庆寿堂、景福宫、梵华楼和佛日楼。西路为游赏区，即宁寿宫花园，主要建筑自南向北，依次为衍祺门、古华轩、遂初堂、萃赏楼、符望阁、倦勤斋。宁寿宫的建造展现了乾隆帝对归政后闲适生活的企盼，是研究清乾隆皇帝和,https://baike.baidu.com/item/%E5%AE%81%E5%AF%BF%E5%AE%AB,baike.baidu.com,baidu,2026-04-14T09:35:41+00:00,F:\ancientbuilding\raw_cn\buildings\baidu\05abfb70bbde5eca.html,"{""中文名"": ""宁寿宫"", ""外文名"": ""The Palace of Tranquil Longevity"", ""地理位置"": ""北京市东城区景山前街4号北京故宫内"", ""所处时代"": ""清朝""}"
7c901071af4e0e9c,buildings,1,中国古代建筑成就,建筑,永定土楼,永定土楼,民居,清,清 1644,1644,1644,dynasty:清代,1,pass,exact_or_alias_exact,永定土楼，即永定客家土楼，位于福建省西南部的龙岩市永定区，中国古建筑的一朵奇葩，永定土楼的设施布局既有苏州园林的印迹，也有古希腊建筑的特点，是中西合璧的建筑典范。在永定2200多平方公里的土地上，分布着2万多座土楼，其中有三层以上的大型建筑近5000座，圆楼360多座，其中清代以前的约占1/3，具有代表性的土楼近3000座。永定土楼，分五凤楼、方楼和圆楼三大种类。永定土楼是中国古建筑的一朵奇葩，展示了客家人的智慧，具有防震、防火、防御等多种功能，通风和采光良好，冬暖夏凉。永定土楼的结构还体现了客家人世代相传的团结友爱传统。在永定土楼内，还保持着客家人聚族同楼而居的生活模式。福建土楼源于客家，根在永定，土楼也被誉为“没有大门的中国客家博物馆”。2008年7月，以永定客家土楼为主体的福建土楼被列入《世界文化遗产名录》。2010年春节，胡锦涛视察永定土楼时指出：“客家土楼是中华文化瑰宝，是大家庭,https://baike.baidu.com/item/%E6%B0%B8%E5%AE%9A%E5%9C%9F%E6%A5%BC,baike.baidu.com,baidu,2026-04-14T09:35:45+00:00,F:\ancientbuilding\raw_cn\buildings\baidu\7c901071af4e0e9c.html,"{""中文名"": ""永定土楼"", ""外文名"": ""Yongding earth building"", ""地理位置"": ""福建省西南部"", ""开放时间"": ""全年 08:00-17:30；节假日正常开放；信息仅供参考，具体开放时间以景区当天披露为准"", ""所获荣誉"": ""被列入《世界文化遗产名录》""}"
cccfe51eff241a53,buildings,1,中国古代建筑成就,建筑,南靖土楼,南靖土楼,民居,宋,宋 960,960,960,dynasty:宋朝,1,pass,exact_or_alias_exact,南靖土楼是指遍布漳州市南靖、华安、平和、诏安、云霄、漳浦等县山区的土楼，以历史悠久、数量众多、规模宏大、造型奇异、风格独特而闻名于世，被誉为“神话般的山区建筑”。福建土楼产生于宋朝时代，明、清朝时期逐渐成熟，并一直延续至今。福建土楼是世界上独一无二的山区大型夯土民居建筑，依山就势，布局合理，吸收了中国传统建筑规划的“风水”理念，适应聚族而居的生活和防御要求，巧妙地利用了山间狭小的平地和当地的生土、木材、鹅卵石等建筑材料，是一种自成体系，具有节约、坚固、防御性强的特点，又极富美感的生土高层建筑模式。福建土楼的建筑材料甚为奇特，由粘土、糯米、红糖、竹片、水组成，建成的土楼冬暖夏凉，具有很强的抗台风、抗地震能力。曾为湖南卫视《爸爸去哪儿第三季》第三站的拍摄地,https://baike.baidu.com/item/%E5%8D%97%E9%9D%96%E5%9C%9F%E6%A5%BC,baike.baidu.com,baidu,2026-04-14T09:35:48+00:00,F:\ancientbuilding\raw_cn\buildings\baidu\cccfe51eff241a53.html,{}
4659fb809d9ec27b,buildings,1,中国古代建筑成就,建筑,华安土楼,华安土楼,民居,明,明 1368,1368,1368,dynasty:明代,1,pass,exact_or_alias_exact,华安土楼是位于福建省漳州市华安县的国家4A级景区，现存68幢闽南传统民居建筑，其中以二宜楼为核心的大地土楼群于2008年被列入《世界文化遗产名录》。景区涵盖大地土楼群与上坪明代万历三楼群落，其中上坪明代万历三楼群落包含单元式布局的明代齐云楼，其石刻匾额记载建造时间可精确至年份，二宜楼外墙厚度达2.5米并设有隐通廊、传声洞等独特防卫结构。南阳楼内设福建省土楼博物馆，展出明清时期生产生活文物。大地土楼群由二宜楼、南阳楼和东阳楼组成，配有智慧消防系统和监测预警平台。景区开展高山族拉手舞、竹竿舞等非遗展演。2023年起实施活化利用工程，启丰楼引入先锋书店并规划畲族非遗展示区，昇平楼纳入清华大学建筑研究项目。2024年建成文创销售中心、竹艺馆等配套设施，举办土楼非遗奇妙夜等沉浸式文旅活动。,https://baike.baidu.com/item/%E5%8D%8E%E5%AE%89%E5%9C%9F%E6%A5%BC,baike.baidu.com,baidu,2026-04-14T09:35:51+00:00,F:\ancientbuilding\raw_cn\buildings\baidu\4659fb809d9ec27b.html,"{""中文名"": ""华安土楼"", ""地理位置"": ""漳州市华安县 [6]"", ""开放时间"": ""全年 8:00-17:00"", ""景点级别"": ""AAAA级"", ""门票价格"": ""90元"", ""著名景点"": ""二宜楼"", ""数 量"": ""68幢"", ""保护级别"": ""国家级文物保护单位"", ""所属国家"": ""中国"", ""所属城市"": ""福建省 漳州市"", ""适宜游玩季节"": ""夏季"", ""官方电话"": ""0596-7013280 [5]""}"
935b98d0934a97b4,buildings,1,中国古代建筑成就,建筑,泉州土楼,泉州土楼,民居,明,明 1368,1368,1368,dynasty:明代,1,pass,exact_or_alias_exact,泉州总共有土楼63座，分布在安溪、南安、永春、德化、洛江、石狮和泉港。这些土楼圆形、方形为主，明代的有4座，清代的有57座，民国的有2座。 其中泉州安溪土楼（西坪土楼，包括映宝楼、聚斯楼、南岩梅记泰山楼）为国家保护单位。泉州土楼不但有较高的文化、艺术价值，还是游子们的“精神家园”。泉州的土楼建筑风格独特，大多结合了闽南古大厝的传统建筑手法，土楼也属于闽南传统建筑的重要组成部分，无论是土楼的彩绘、雕花、斗拱等，都饱含着闽南传统建筑的特色。可以说，泉州土楼是闽南传统建筑的一朵“奇葩”。,https://baike.baidu.com/item/%E6%B3%89%E5%B7%9E%E5%9C%9F%E6%A5%BC,baike.baidu.com,baidu,2026-04-14T09:35:59+00:00,F:\ancientbuilding\raw_cn\buildings\baidu\935b98d0934a97b4.html,{}
903c8f2c2740d3a4,buildings,1,中国古代建筑成就,建筑,湘子桥,湘子桥,桥梁,宋,宋 960,960,960,dynasty:宋代,1,pass,exact_or_alias_exact,湘子桥是古代汉族桥梁建筑的杰作。位于广东省潮州古城的东门外，初建于宋代，距今已有800余年的历史。湘子桥奇特别致的结构，集梁桥、拱桥、浮桥等形式于一体，是凝结了古代劳动人民的智慧和艺术的结晶。它是中国第一也是世界第一座启闭式桥梁，以其“十八梭船二十四洲”的独特风格与河北赵州桥、 泉州洛阳桥、北京卢沟桥（亦作芦沟桥）并称 中国四大古桥。,https://baike.baidu.com/item/%E6%B9%98%E5%AD%90%E6%A1%A5,baike.baidu.com,baidu,2026-04-14T09:36:02+00:00,F:\ancientbuilding\raw_cn\buildings\baidu\903c8f2c2740d3a4.html,{}
276edf9204019edb,buildings,1,中国古代建筑成就,建筑,二十四桥,二十四桥,桥梁,清,清 1736,1736,1736,infobox:始建时间=1736年 至 1795年 [4 ],1,pass,exact_or_alias_exact,二十四桥（Twenty-Four Bridges），又称为廿四桥、念四桥是位于江苏省扬州市邗江区大虹桥路28号瘦西湖风景区内的桥梁。二十四桥为单孔拱桥，跨于瘦西湖上。清乾隆年间(1736-1795年)建。1986年，国家和地方拨款246万元，于1987年10月动工兴建。1990年，二十四桥复建。该桥仿照北京颐和园内的玉带桥建造。二十四桥镶以汉白玉栏杆，如玉带飘逸，似霓虹卧波。该桥两侧有节间式石栏杆，每侧有12 根望柱，11块栏板，2块抱鼓石。长24米，宽2.4米，栏柱24根 ，台阶24级，处处都与二十四对应。二十四桥桥梁立面呈穹隆形，俗称“单驼峰式”，桥面中部(拱顶上)是圆弧形，两端是阶梯式坡道，各有12级踏步，桥堍的平面呈梯形，俗称喇叭形。桥堍翼墙和侧墙用料石砌筑，上面有双层仰天石组成的金边线。桥台是凹字形，端墙的外端有燕翅墙，前墙长3米。拱碹是近似三心圆弧形(俗称鸭蛋形)分段并列式结构,https://baike.baidu.com/item/%E4%BA%8C%E5%8D%81%E5%9B%9B%E6%A1%A5,baike.baidu.com,baidu,2026-04-14T09:36:11+00:00,F:\ancientbuilding\raw_cn\buildings\baidu\276edf9204019edb.html,"{""中文名"": ""二十四桥"", ""外文名"": ""Twenty-Four Bridges"", ""始建时间"": ""1736年 至 1795年 [4 ]"", ""所属地区"": ""中国江苏省扬州市"", ""类 型"": ""人行桥、石桥、拱桥"", ""长 度"": ""24 m"", ""宽 度"": ""2.4 m"", ""地理位置"": ""扬州市邗江区大虹桥路28号瘦西湖风景区内"", ""开放时间"": ""包含在扬州瘦西湖景区内，景区开放时间07:00-18:00，最晚入园17:30,；景区景点开放时间详见景区现场公示"", ""台 阶"": ""24级"", ""跨 径"": ""10.5米"", ""栏 柱"": ""24根"", ""抱鼓石"": ""2块"", ""栏 板"": ""11块"", ""望 柱"": ""12根"", ""别 名"": ""廿四桥 [3] 、 念四桥 [3]"", ""修复时间"": ""1990年 [1]"", ""相关诗集"": ""《扬州慢》 [1]"", ""保护级别"": ""文化遗产保护 [3]""}"
54b31c38411bda34,buildings,1,中国古代建筑成就,建筑,咸阳宫,咸阳宫,皇宫,战国,战国 -350,-350,-350,text_year,1,pass,exact_or_alias_exact,咸阳宫是秦帝国的皇宫，位于今陕西省西安市西，咸阳市东区域。秦孝公十二年（前350年），秦国迁都咸阳，营建宫室，至迟到秦昭王时，咸阳宫已建成。最初咸阳宫位于秦都咸阳城的北部阶地上，在秦始皇统一六国过程中，不断进行扩建。据记载，该宫“因北陵营殿”，为秦始皇执政“听事”的所在。秦国统治者迁都咸阳后，咸阳宫一直为秦的历代国君的大朝之地。秦始皇时在渭水南岸修筑新朝宫——阿房宫，就是想取代渭北的朝宫——“先王之宫廷”，这处作为王宫或皇宫使用的“宫廷”之名即“咸阳宫”。历代秦王和秦始皇接见各诸侯国使臣、贵宾，为皇帝祝寿举行盛大国宴，与群臣决定国家大事都在咸阳宫中进行。因此《三辅黄图》称咸阳宫“以则紫宫，象帝居”。秦末项羽攻入咸阳，屠城纵火，咸阳宫大半夷为废墟。,https://baike.baidu.com/item/%E5%92%B8%E9%98%B3%E5%AE%AB/5823365,baike.baidu.com,baidu,2026-04-14T09:36:48+00:00,F:\ancientbuilding\raw_cn\buildings\baidu\54b31c38411bda34.html,{}
7460d99892bf3dce,buildings,1,中国古代建筑成就,建筑,长信宫,长信宫,皇宫,汉,汉 -202,-202,-202,dynasty:汉代,1,pass,exact_or_alias_exact,长信宫是汉代长乐宫建筑群中最重要的宫殿，位于西汉都城长安城内东南隅，汉景帝为其母窦太后设置，汉代太后常居于此。名称“长信”源于秋主信之意。自窦太后以降，西汉历代皇太后大都居住于此，后人也用其代指太皇太后。著名的长信宫灯即因曾放置于此而得名。,https://baike.baidu.com/item/%E9%95%BF%E4%BF%A1%E5%AE%AB/34854,baike.baidu.com,baidu,2026-04-14T09:36:52+00:00,F:\ancientbuilding\raw_cn\buildings\baidu\7460d99892bf3dce.html,"{""中文名"": ""长信宫"", ""外文名"": ""长乐宫"", ""年 代"": ""汉代"", ""地 点"": ""西汉长安城""}"
b5a96271b01de7c9,buildings,1,中国古代建筑成就,建筑,兴庆宫,兴庆宫,皇宫,唐,唐 755,755,755,text_year,1,pass,exact_or_alias_exact,兴庆宫是唐长安城三大宫殿群（三大内：太极宫、大明宫、兴庆宫）之一，称为“南内”。位于长安外郭东城春明门内。唐代的兴庆宫范围，东至今仁厚庄与理工大西部，西至今兴庆西路，南至今咸宁西路中段，北至今东关长乐坊路南，今遗址开辟有兴庆宫公园。兴庆宫是唐玄宗做藩王时期的府邸，唐玄宗登基后大规模扩建，成为长安城三大内之一；是唐玄宗开元、天宝时代的中国政治中心所在，也是他与爱妃杨玉环长期居住的地方。天宝十五年（755年）安史之乱之后，兴庆宫失去了政治活动中心的地位，成为太上皇或太后闲居之所，大多数时间为太后等后宫常驻之地。唐末长安城被毁，兴庆宫便从此被废弃。兴庆宫内建有兴庆殿、南熏殿、大同殿、勤政务本楼，花萼相辉楼和沉香亭等建筑物。,https://baike.baidu.com/item/%E5%85%B4%E5%BA%86%E5%AE%AB,baike.baidu.com,baidu,2026-04-14T09:37:00+00:00,F:\ancientbuilding\raw_cn\buildings\baidu\b5a96271b01de7c9.html,{}
bb2d1c970c860128,buildings,1,中国古代建筑成就,建筑,兴庆宫,兴庆宫,民居,唐,唐 618,618,618,dynasty:唐代,1,pass,exact_or_alias_exact,开元二年（714）于唐玄宗旧居五王子宅所在的兴庆坊建成的宫殿。为唐长安三座皇宫之一，其他两座为大明宫、太极宫。宫殿为非对称布局，南部有较大的园林区，具有离宫性质。唐天祐元年（904）毁，遗址位于陕西省西安市东郊。,https://www.zgbk.com/ecph/words?SiteID=1&ID=221378&Type=bkzyb&Preview=false,www.zgbk.com,zgbk,2026-04-14T09:37:03+00:00,F:\ancientbuilding\raw_cn\buildings\zgbk\bb2d1c970c860128.html,"{""英文名称"": ""Xingqing Palace"", ""所处时代"": ""唐代"", ""位置"": ""陕西省西安市东郊""}"
fbe589e644331bfc,buildings,1,中国古代建筑成就,建筑,慈宁宫,慈宁宫,皇宫,明,明 1536,1536,1536,text_year,1,pass,exact_or_alias_exact,慈宁宫（Cining Palace），位于北京市东城区景山前街4号北京故宫内，是北京故宫的原清代皇太后居住的正宫，始建于明嘉靖十五年（1536年） 。慈宁宫门前有一东西向狭长的广场，两端分别是永康左门、永康右门，南侧为长信门。慈宁门位于广场北侧，内有高台甬道与正殿慈宁宫相通。院内东西两侧为廊庑，折向南与慈宁门相接，北向直抵后寝殿（即大佛堂）之东西耳房。前院东西庑正中各开一门，东曰徽音左门，西曰徽音右门。正殿慈宁宫居中，前后出廊，黄琉璃瓦重檐歇山顶。面阔7间，当中5间各开4扇双交四椀菱花槅扇门。两梢间为砖砌坎墙，各开4扇双交四椀菱花槅扇窗。殿前出月台，正面出三阶，左右各出一阶，台上陈鎏金铜香炉4座。东西两山设卡墙，各开垂花门，可通后院。1961年3月4日，包含慈宁宫在内的故宫被中华人民共和国国务院公布为第一批全国重点文物保护单位。,https://baike.baidu.com/item/%E6%85%88%E5%AE%81%E5%AE%AB,baike.baidu.com,baidu,2026-04-14T09:37:05+00:00,F:\ancientbuilding\raw_cn\buildings\baidu\fbe589e644331bfc.html,"{""中文名"": ""慈宁宫"", ""外文名"": ""Cining Palace"", ""地理位置"": ""北京市东城区景山前街4号故宫博物院内"", ""门票价格"": ""60元"", ""所处时代"": ""明清时期""}"
4a0cbff3c4c82ee8,buildings,1,中国古代建筑成就,建筑,中国四大古代官衙,中国四大古代官衙,官府,元,元 1304,1304,1304,text_year,1,pass,exact_or_alias_exact,中国四大古代官衙是中国现存四级古代官署建筑群的代表，包括中央级的北京故宫博物院、省级的保定直隶总督署、州级的霍州署及县级的内乡县衙，分别对应明清至近代中央至地方行政机构形制。故宫为规模最大的明清皇家宫殿建筑群，直隶总督署是保存最完整的清代省级衙署，霍州署为现存唯一州级官署，内乡县衙则是国内唯一完整保留的县级官署。故宫博物院前身为明清皇宫，1925年正式建院，建筑群沿中轴线布局。直隶总督署自1729年启用，历经清代74位总督。霍州署主体建筑元代大堂早于故宫百年，现存建筑群可追溯至唐代。内乡县衙现存建筑为清代遗构，以元大德八年（1304年）始建为基础，完整保留“前朝后寝”规制。四者共同构成中国古代官署建筑的完整序列体系。,https://baike.baidu.com/item/%E4%B8%AD%E5%9B%BD%E5%9B%9B%E5%A4%A7%E5%8F%A4%E4%BB%A3%E5%AE%98%E8%A1%99,baike.baidu.com,baidu,2026-04-14T09:37:17+00:00,F:\ancientbuilding\raw_cn\buildings\baidu\4a0cbff3c4c82ee8.html,"{""中文名"": ""中国四大古代官衙"", ""外文名"": ""Chinese four ancient government office"", ""建筑年代"": ""古代"", ""景区性质"": ""人文""}"
4d5da29b52a70182,scientists,2,中国古代建筑领域杰出科学家,科学家,李诫,李诫,,宋,宋 1035,1035,1035,text_year,1,pass,exact_or_alias_exact,李诫（1035年—1110年），字明仲，郑州管城县（今河南新郑）人，北宋著名建筑学家。曾主持修建了开封府廨、太庙及钦慈太后佛寺等大规模建筑，编写了中国第一本详细论述建筑工程做法的著作《营造法式》。除主要从事建筑工作外，还一度当过虢州知州，在地方甚有政绩。1110年（大观四年）二月，李诫逝世，终年76岁，葬于新郑梅山。,https://baike.baidu.com/item/%E6%9D%8E%E8%AF%AB,baike.baidu.com,baidu,2026-04-14T09:37:23+00:00,F:\ancientbuilding\raw_cn\scientists\baidu\4d5da29b52a70182.html,{}
ac64cd0e056f98d8,scientists,2,中国古代建筑领域杰出科学家,科学家,鲁班,鲁班,,春秋,春秋 -507,-507,-507,infobox:出生日期=公元前 507年 [2 ],1,pass,exact_or_alias_exact,鲁班（公元前507年—公元前444年），姬姓，公输氏，名班，人称公输盘、公输般、班输，尊称公输子，又称鲁盘或者鲁般，惯称“鲁班”。字依智，春秋末期到战国初期鲁国人（都城山东曲阜，故里山东滕州，一说故里为曲阜），中国古代建筑工程家，被建筑工匠尊为祖师。鲁班出生于木工世家，12岁时拜一位隐居终南山的木工老祖为师，跟随其学习木工工艺。早年曾在鲁国担任主管营造的官职，后出游楚国。约公元前450年，楚国准备攻打宋国，鲁班受邀制造云梯。墨子闻讯后以道义劝说楚王，指出攻宋将导致大量百姓伤亡，劝其勿为不义之举，最终制止了这场战争。墨子主张制造实用生产工具的思想也影响了鲁班，此后发明创造出曲尺、墨斗、刨子、凿子、锯子、石磨、瓦当、钩钜等工具。东汉时期，经学家赵岐将公输班注为“鲁班”，“鲁班”这一称呼正式出现，“鲁班”成为对能工巧匠的最高赞誉。随着民间故事的流传，鲁班形象逐渐被神化。至明朝时，鲁班被塑造成一位,https://baike.baidu.com/item/%E9%B2%81%E7%8F%AD/346165,baike.baidu.com,baidu,2026-04-14T09:37:26+00:00,F:\ancientbuilding\raw_cn\scientists\baidu\ac64cd0e056f98d8.html,"{""全 名"": ""鲁班"", ""别 名"": ""公输盘 、 班输 、 鲁盘 、 鲁般"", ""字"": ""依智"", ""姓"": ""姬"", ""氏"": ""公输"", ""所处时代"": ""春秋末期到战国初期 [38 ]"", ""民族族群"": ""华夏族"", ""出生地"": ""鲁国"", ""出生日期"": ""公元前 507年 [2 ]"", ""逝世日期"": ""公元前 444年 [2 ]"", ""主要成就"": ""土木建筑鼻祖 [35 ] 木匠鼻祖 戏班的祖师"", ""主要作品"": ""墨斗 、 刨子"", ""本 名"": ""公输般"", ""朋 友"": ""墨子"", ""名"": ""班""}"
3e5fceedb1e0adcc,scientists,2,中国古代建筑领域杰出科学家,科学家,样式雷,样式雷,,清,清 1644,1644,1644,dynasty:清代,1,pass,exact_or_alias_exact,“样式雷”，是对清代200多年间主持皇家建筑设计的雷姓世家的誉称。 中国清代宫廷建筑匠师家族：雷发达，雷金玉，雷家玺，雷家玮，雷家瑞，雷思起，雷廷昌等。,https://baike.baidu.com/item/%E6%A0%B7%E5%BC%8F%E9%9B%B7/685775,baike.baidu.com,baidu,2026-04-14T09:37:38+00:00,F:\ancientbuilding\raw_cn\scientists\baidu\3e5fceedb1e0adcc.html,{}
eb2230752d294c64,scientists,2,中国古代建筑领域杰出科学家,科学家,雷发达,雷发达,,明,明 1619,1619,1619,infobox:出生日期=明万历四十七年（1619年）,1,pass,exact_or_alias_exact,"雷发达，字明所，南康府建昌县梅棠乡新庄（今江西永修县梅棠镇新庄村）人。生于明万历四十七年（1619年），卒于康熙三十二年（1693年），归葬金陵。他是清初宫廷“样式房”的掌案（总设计师），世称“样式雷”，被誉为近代世界著名的建筑艺术大师。清代初年，雷发达与堂弟雷发宣，因以建筑工艺见长，应募赴北京修建皇室宫殿。雷发达年70解役，著有《工部工程做法则例》、《工程营造录》等著作。雷发达生有三个儿子：雷金玉、雷金鸣、雷金升。长子金玉，字良生，生于清顺治十六年（1659年），继承父业，到光绪末年，已传到六代孙雷廷昌，掌管""存式""房长达二百余年。他们参与设计的建筑物除皇宫外，还有四园：圆明园、颐和园、静宜园、静明园；三山；三海；二陵。",https://baike.baidu.com/item/%E9%9B%B7%E5%8F%91%E8%BE%BE,baike.baidu.com,baidu,2026-04-14T09:37:41+00:00,F:\ancientbuilding\raw_cn\scientists\baidu\eb2230752d294c64.html,"{""中文名"": ""雷发达"", ""别 名"": ""字明所"", ""国 籍"": ""中国"", ""民 族"": ""畲族 [2-4]"", ""籍 贯"": ""江西省永修县"", ""出生日期"": ""明万历四十七年（1619年）"", ""逝世日期"": ""康熙三十二年（1693年）"", ""职 业"": ""清初宫廷“样式房”的掌案（总设计师）"", ""主要成就"": ""清初宫廷“样式房”的掌案（总设计师），世称“样式雷”"", ""出生地"": ""江西省九江市永修县梅棠镇新庄雷村"", ""代表作品"": ""样式雷 、 《工部工程做法则例》 、 《工程营造录》"", ""安葬地"": ""金陵 （今江苏南京）""}"
334878844b253078,scientists,2,中国古代建筑领域杰出科学家,科学家,宇文恺,宇文恺,,南北朝,南北朝 555,555,555,infobox:出生日期=555年,1,pass,exact_or_alias_exact,宇文恺（555年－612年11月6日），字安乐，号名父公子。朔方夏州（治今陕西省靖边县北）人，一说代郡武川县（今内蒙古武川县）人。中国北周至隋朝官员、城市规划和建筑工程专家。宇文恺出身于鲜卑武将功臣世家，自幼博览群书，有巧思，精熟历代典章制度和多种工艺技能。北周末年，累官至上开府、匠师中大夫，袭封祖爵安平郡公。隋朝建立后，躲过政治清洗，并负责规划和兴建隋首都大兴城和东都洛阳城及其宫殿衙署；又开凿广通渠，决渭水达黄河，以通漕运；置梁公堰，分黄河水入通济渠。此外，他还主持修建了隋朝的宗庙、离宫仁寿宫、隋文帝和独孤皇后的陵墓，以及观风行殿、显仁宫、隋长城等大型工役。自匠作少监、匠作大匠迁升至工部尚书，深受隋文帝、隋炀帝宠遇。大业八年（612年），宇文恺随炀帝出征高句丽，战后进位金紫光禄大夫。同年去世，享年五十七岁。获赐谥号“康”。宇文恺作为中国第二次大一统帝国隋时的工官，适逢大兴土木、制度重建的,https://baike.baidu.com/item/%E5%AE%87%E6%96%87%E6%81%BA,baike.baidu.com,baidu,2026-04-14T09:37:45+00:00,F:\ancientbuilding\raw_cn\scientists\baidu\334878844b253078.html,"{""全 名"": ""宇文恺"", ""别 名"": ""宇文安乐"", ""字"": ""安乐"", ""谥 号"": ""康"", ""封 号"": ""安平郡公"", ""所处时代"": ""南北朝 至 隋朝"", ""民族族群"": ""鲜卑族"", ""出生日期"": ""555年"", ""逝世日期"": ""612年11月6日 [33 ]"", ""主要成就"": ""设计建设隋 大兴城 和 洛阳城"", ""主要作品"": ""《东都图记》 、 《明堂图议》 、 《释疑》 、 《东宫典记》"", ""最高官职"": ""工部尚书"", ""籍 贯"": ""朔方 夏州 ，一说代郡 武川县 [28] [30]""}"
a09bcb46a2bf1241,scientists,2,中国古代建筑领域杰出科学家,科学家,李春,李春,,隋,隋 595,595,595,text_year,1,pass,exact_or_alias_exact,李春，隋代造桥匠师。现今河北邢台临城人士。隋开皇十五年至大业初（595～605）建造赵州桥（安济桥）。唐中书令张嘉贞著《安济桥铭》中记有：“赵州蛟河石桥，隋匠李春之迹也，制造奇特，人不知其所以为。”但赵州桥存世1500多年，堪称中国建筑史上的奇迹之一。赵州桥历史悠久、结构奇特、造型美观、居世榜首的赵州桥，凝聚了李春的汗水和心血。李春成为中国、乃至世界建筑史上第一位桥梁专家。,https://baike.baidu.com/item/%E6%9D%8E%E6%98%A5,baike.baidu.com,baidu,2026-04-14T09:37:51+00:00,F:\ancientbuilding\raw_cn\scientists\baidu\a09bcb46a2bf1241.html,{}
484ec7811b7d2434,scientists,2,中国古代建筑领域杰出科学家,科学家,李春,李春,,隋,隋 581,581,581,dynasty:隋代,1,pass,exact_or_alias_exact,隋代造桥匠师。生卒年不详。,https://www.zgbk.com/ecph/words?SiteID=1&ID=112284&Type=bkzyb&Preview=false,www.zgbk.com,zgbk,2026-04-14T09:37:53+00:00,F:\ancientbuilding\raw_cn\scientists\zgbk\484ec7811b7d2434.html,"{""英文名称"": ""Li Chun"", ""籍贯"": ""今河北邢台临城""}"
bad3600b2dbda7a5,scientists,2,中国古代建筑领域杰出科学家,科学家,梁思成,梁思成,,清,清 1901,1901,1901,text_year,1,pass,exact_or_alias_exact,梁思成（1901年4月20日---1972年1月9日），籍贯广东新会，生于日本东京，毕生致力于中国古代建筑的研究和保护，是建筑历史学家、建筑教育家和建筑师。梁思成曾任中央研究院院士（1948年）、中国科学院哲学社会科学学部委员，参与了人民英雄纪念碑、中华人民共和国国徽等作品的设计。梁思成第一任妻子是林徽因，1919年相识，1928年成婚，育有一女（梁再冰）一子（梁从诫）；第二任妻子是林洙，1948年相识，1962年再婚。,https://baike.baidu.com/item/%E6%A2%81%E6%80%9D%E6%88%90,baike.baidu.com,baidu,2026-04-14T09:37:56+00:00,F:\ancientbuilding\raw_cn\scientists\baidu\bad3600b2dbda7a5.html,{}
e1eac5df1f63017e,scientists,2,中国古代建筑领域杰出科学家,科学家,林徽因,林徽因,,清,清 1904,1904,1904,text_year,1,pass,exact_or_alias_exact,林徽因（1904年6月10日－1955年4月1日），女，汉族，福建闽县（今福州）人，出生于浙江杭州。原名林徽音，其名出自“《诗·大雅·思齐》：大姒嗣徽音，则百斯男”。后因常被人误认为当时一作家林微音，故改名徽因。中国著名建筑师、诗人、作家。人民英雄纪念碑和中华人民共和国国徽深化方案的设计者、建筑师梁思成的第一任妻子。三十年代初，同梁思成一起用现代科学方法研究中国古代建筑，成为这个学术领域的开拓者，后来在这方面获得了巨大的学术成就，为中国古代建筑研究奠定了坚实的科学基础。文学上，著有散文、诗歌、小说、剧本、译文和书信等，代表作《你是人间四月天》，《莲灯》，《九十九度中》等。其中，《你是人间四月天》最为大众熟知，广为传诵。,https://baike.baidu.com/item/%E6%9E%97%E5%BE%BD%E5%9B%A0,baike.baidu.com,baidu,2026-04-14T09:38:00+00:00,F:\ancientbuilding\raw_cn\scientists\baidu\e1eac5df1f63017e.html,{}
54be83b121704db2,scientists,2,中国古代建筑领域杰出科学家,科学家,郭守敬,郭守敬,,宋,宋 1231,1231,1231,text_year,1,pass,exact_or_alias_exact,郭守敬（1231年—1316年），字若思，汉族，顺德府邢台县（今河北省邢台县）人，元朝著名的天文学家、数学家、水利专家。官至太史令、昭文馆大学士、知太史院事，卒于元仁宗延祐三年（1316年），享年八十六岁。1276年郭守敬修订新历法，经4年时间制订出《授时历》，通行360多年。是当时世界上最先进的一种历法。1291年郭守敬任都水监，负责修治元大都至通州的运河，全部工程一年完成，定名通惠河。1981年，为纪念郭守敬诞辰750周年，国际天文学会以他的名字为月球上的一座环形山命名。,https://baike.baidu.com/item/%E9%83%AD%E5%AE%88%E6%95%AC,baike.baidu.com,baidu,2026-04-14T09:38:12+00:00,F:\ancientbuilding\raw_cn\scientists\baidu\54be83b121704db2.html,{}
61fc1bf8c6a40e68,scientists,2,中国古代建筑领域杰出科学家,科学家,阎立德,阎立德,,隋,隋 596,596,596,text_year,1,pass,exact_or_alias_exact,阎立德（约596~656）北周武帝外孙、唐代建筑家，工艺美术家，画家。名让，字立德，以字行。雍州万年（今陕西西安）人。出身于工程世家，唐武德至贞观年间任尚衣奉御、将作少匠、将作大匠、工部尚书等。曾受命营造唐高祖山陵，督造翠微、玉华两宫，营建昭陵，主持修筑唐长安城外郭和城楼等。对工艺、绘画造诣颇深，曾主持设计帝后所用服饰。绘画以人物、树石、禽兽见长，与弟阎立本同为著名画家。,https://baike.baidu.com/item/%E9%98%8E%E7%AB%8B%E5%BE%B7,baike.baidu.com,baidu,2026-04-14T09:38:18+00:00,F:\ancientbuilding\raw_cn\scientists\baidu\61fc1bf8c6a40e68.html,{}
d3bae45bca86aad5,scientists,2,中国古代建筑领域杰出科学家,科学家,蒯祥,蒯祥,,明,明 1398,1398,1398,infobox:出生日期=1398年,1,pass,exact_or_alias_exact,蒯祥（1398年-1481年)，字廷瑞，吴县（今江苏苏州）香山人，系出蒯氏襄阳支，中国明代建筑工匠，香山帮匠人的鼻祖，被称为“蒯鲁班”。蒯祥祖父蒯思明、父亲蒯福均为技艺精湛的木匠。在祖、父两辈的熏陶下，蒯祥造诣颇深，年轻时就有“巧木匠”之称。洪武初年，明太祖朱元璋征召天下工匠兴建都城。蒯祥随父参与其事，在工程实践中积累了经验。1417年，受到征召入京，参加北京大规模兴建皇宫城墙等工程。1420年，因技艺精湛、身手超群被提升为工部营缮所丞，迁所副。1447年，进主事，迁员外郎。1453年迁太仆寺少卿。1456年擢工部右侍郎。1457年缘事降为太仆寺少卿，仍旧管工，以建裕陵之功复原官。1466年进工部左侍郎，食正二品俸，又以考满升俸一级至从一品。1481年卒于任上，葬于香山渔帆村头。蒯祥精于建筑构造，《吴县志》中有“略用尺准度，造成以置原所，不差毫厘”的记载；擅长宫殿装銮，把具有苏南特色的苏式,https://baike.baidu.com/item/%E8%92%AF%E7%A5%A5,baike.baidu.com,baidu,2026-04-14T09:38:23+00:00,F:\ancientbuilding\raw_cn\scientists\baidu\d3bae45bca86aad5.html,"{""全 名"": ""蒯祥"", ""别 名"": ""蒯鲁班"", ""字"": ""廷瑞"", ""所处时代"": ""明朝"", ""民族族群"": ""汉族"", ""出生地"": ""南直隶吴县（今江苏苏州）"", ""出生日期"": ""1398年"", ""逝世日期"": ""1481年"", ""安葬地"": ""吴县香山渔帆村头"", ""主要成就"": ""紫禁城的主要设计者"", ""主要作品"": ""蒯祥营造图籍册"", ""最高官职"": ""工部左侍郎""}"
533a4ee1f1f65e76,scientists,2,中国古代建筑领域杰出科学家,科学家,雷金玉,雷金玉,,清,清 1659,1659,1659,text_year,1,pass,exact_or_alias_exact,雷金玉（1659—1729年），字良生，祖籍江西南康府建昌县（今永修县），乃清代建筑世家样式雷的第二代传人。他继承父业在营造所供职，并投充内务府包衣旗（相当于皇室的家奴）。康熙帝在“沃野平畴、澄波远岫”的海淀修建皇家园囿———畅春园，内务府营造司从包衣上三旗抽调众多工匠营建皇苑，雷金玉被召进建园工匠队伍，承领楠木作工程。,https://baike.baidu.com/item/%E9%9B%B7%E9%87%91%E7%8E%89/11002057,baike.baidu.com,baidu,2026-04-14T09:39:11+00:00,F:\ancientbuilding\raw_cn\scientists\baidu\533a4ee1f1f65e76.html,{}
39d10d896ec2816b,scientists,2,中国古代建筑领域杰出科学家,科学家,将作监,将作监,,隋,隋 600,600,600,text_year,1,pass,exact_or_alias_exact,将作监为中国古代官署名，秦始置将作，北齐改称将作寺，隋开皇二十年（600年）更名将作监，唐宋沿袭。其职掌宫室建筑、城郭桥梁营造及金玉珠翠、犀象宝贝、精美器皿制作与纱罗缎匹刺绣等器物打造，下设左校、右校、中校、甄官四署，唐代增设百工等监。主官设将作大匠（监）、少匠（少监）及丞、主簿等职，唐代大匠为从三品。隋唐时期，将作监总领土木工程政令，分内作与外作：内作修葺宫殿官廨，外作营建郊庙城门，工事时间受季节限制。北宋熙宁四年（1071年）前为闲散机构，后复振并增设东、西八作司、修内司等机构。崇宁年间将作监李诫主持编修《营造法式》，规范营造制度。唐代起部分职权因使职出现被削弱，但仍为工程管理体系核心。,https://baike.baidu.com/item/%E5%B0%86%E4%BD%9C%E7%9B%91,baike.baidu.com,baidu,2026-04-14T09:39:52+00:00,F:\ancientbuilding\raw_cn\scientists\baidu\39d10d896ec2816b.html,"{""中文名"": ""将作监"", ""别 名"": ""将作少府、将作大匠、将作寺、缮工监、营缮监"", ""名词性质"": ""古代官署名"", ""主要职责"": ""宫室建筑、城郭桥梁营造、器物制作"", ""时 代"": ""中国古代开始出现"", ""官署细分"": ""左校、右校、中校、甄官""}"
05f9e4f1b810c230,scientists,2,中国古代建筑领域杰出科学家,科学家,云梯,云梯,,春秋,春秋 -770,-770,-770,dynasty:春秋,1,pass,exact_or_alias_exact,云梯是古代战争及现代消防、施工领域的重要器械工具，同时在园林建筑中作为山石布置的组成部分。古代云梯春秋时期由鲁班改良，战国时期配备车轮、梯身和钩具，唐代增设活动副梯，宋代改进为折叠结构并加装防盾、绞车等器具。近代战争中，云梯曾被用于突破城墙防御作战。现代云梯消防车设有液压升高平台，但实际应用中存在展开耗时、作业高度受限及场地要求严格等局限。现代云梯车发展为专项作业装备，四川轩腾建设工程研发的云梯车配备旋转底座、可调倾角云梯臂及伸缩支腿，能构建竖向升降施工平台实现稳定物料输送。成都冶金实验厂的安全云梯装置采用收缩轮系统和连接结构，作业后可收缩节省空间。在景观营造中，云梯衍生出以天然石材构筑的阶梯形态，形成兼具功能性与观赏性的园林建筑构件。当前云梯技术持续迭代，兼具抢险救援与高空作业功能。,https://baike.baidu.com/item/%E4%BA%91%E6%A2%AF/2333359,baike.baidu.com,baidu,2026-04-14T09:39:59+00:00,F:\ancientbuilding\raw_cn\scientists\baidu\05f9e4f1b810c230.html,"{""中文名"": ""云梯"", ""外文名"": ""Ladder truck"", ""类 型"": ""古代攻城器械"", ""用 途"": ""攀越城墙攻城的用具"", ""出 现"": ""古代""}"
089991a8dbe9c472,scientists,2,中国古代建筑领域杰出科学家,科学家,圆明园,圆明园,,清,清 1709,1709,1709,text_year,1,pass,exact_or_alias_exact,圆明园（Yuanmingyuan Imperial Garden）坐落在北京西郊，与颐和园毗邻，由圆明园、长春园和绮春园组成，所以也叫圆明三园。此外，还有许多小园，分布在圆明园东、西、南三面，众星拱月般环绕在圆明园周围。圆明园是清代著名的皇家园林之一，面积五千二百余亩，一百五十余景。建筑面积达16万平方米，有“万园之园”之称。清朝皇帝每到盛夏就来到这里避暑、听政，处理军政事务，因此也称“夏宫”。圆明园始建于1709年（康熙48年），最初是康熙皇帝赐给皇四子胤禛的。1744年雍正即位后，拓展原赐园，并在园南增建了正大光明殿和勤政殿以及内阁、六部、军机处诸值房，御以“避喧听政”。乾隆皇帝在位期间除对圆明园进行局部增建、改建之外，还在紧东邻新建了长春园，在东南邻并入了万春园。圆明三园的格局基本形成。嘉庆朝，主要对绮春园进行修缮和拓建，使之成为主要园居场所之一。道光朝时，国事日衰，财力不足，但宁撤,https://baike.baidu.com/item/%E5%9C%86%E6%98%8E%E5%9B%AD,baike.baidu.com,baidu,2026-04-14T09:40:15+00:00,F:\ancientbuilding\raw_cn\scientists\baidu\089991a8dbe9c472.html,{}
95c47f83c714e334,scientists,2,中国古代建筑领域杰出科学家,科学家,颐和园,颐和园,,清,清 1750,1750,1750,text_year,1,pass,exact_or_alias_exact,颐和园，中国清朝时期皇家园林，前身为清漪园，坐落在北京西郊，距城区十五公里，占地约二百九十公顷，与圆明园毗邻。它是以昆明湖、万寿山为基址，以杭州西湖为蓝本，汲取江南园林的设计手法而建成的一座大型山水园林，也是保存最完整的一座皇家行宫御苑，被誉为“皇家园林博物馆”，也是国家重点旅游景点。清朝乾隆皇帝继位以前，在北京西郊一带，建起了四座大型皇家园林。乾隆十五年（1750年），乾隆皇帝为孝敬其母孝圣皇后动用448万两白银在这里改建为清漪园，形成了从现清华园到香山长达二十公里的皇家园林区。咸丰十年（1860年），清漪园被英法联军焚毁。光绪十四年（1888年）重建，改称颐和园，作消夏游乐地。光绪二十六年（1900年），颐和园又遭“八国联军”的破坏，珍宝被劫掠一空。清朝灭亡后，颐和园在军阀混战和国民党统治时期，又遭破坏。1961年3月4日，颐和园被公布为第一批全国重点文物保护单位，与同时公布的承德避暑,https://baike.baidu.com/item/%E9%A2%90%E5%92%8C%E5%9B%AD,baike.baidu.com,baidu,2026-04-14T09:40:19+00:00,F:\ancientbuilding\raw_cn\scientists\baidu\95c47f83c714e334.html,{}
1ffb8675b8711a75,scientists,2,中国古代建筑领域杰出科学家,科学家,颐和园,颐和园,,清,清 1644,1644,1644,dynasty:清代,1,pass,exact_or_alias_exact,中国清代皇家园林，三山五园之一。位于北京市西北郊。始建于清乾隆十五年（1750），历时十五年建成。占地面积300.9公顷。旧称清漪园。,https://www.zgbk.com/ecph/words?SiteID=1&ID=634881&Type=bkzyb&Preview=false,www.zgbk.com,zgbk,2026-04-14T09:40:22+00:00,F:\ancientbuilding\raw_cn\scientists\zgbk\1ffb8675b8711a75.html,"{""英文名称"": ""Summer Palace"", ""旧称"": ""清漪园"", ""兴建时间"": ""1750"", ""建成时间"": ""1765"", ""地址"": ""北京市西北郊"", ""占地面积"": ""300.9公顷""}"
223e62386a0864cd,scientists,2,中国古代建筑领域杰出科学家,科学家,样式房,样式房,,清,清 1644,1644,1644,dynasty:清代,1,pass,exact_or_alias_exact,样式房是清代的皇家建筑样式的专门设计机构，所有的皇家建筑和大型建筑都要经过他们的设计与监管施工，它在清代皇家建筑体系中具有举足轻重的地位，相当于现在的建筑设计院。,https://baike.baidu.com/item/%E6%A0%B7%E5%BC%8F%E6%88%BF,baike.baidu.com,baidu,2026-04-14T09:40:27+00:00,F:\ancientbuilding\raw_cn\scientists\baidu\223e62386a0864cd.html,{}
04a4e3c9f284fda7,scientists,2,中国古代建筑领域杰出科学家,科学家,辛亥革命,辛亥革命,,清,清 1894,1894,1894,text_year,1,pass,exact_or_alias_exact,辛亥革命，是指发生于中国农历辛亥年（清宣统三年），即公元1911年至1912年初，旨在推翻清朝专制帝制、建立共和政体的全国性革命。狭义的辛亥革命，指的是自1911年10月10日（农历八月十九）夜武昌起义爆发，至1912年元旦孙文就职中华民国临时大总统前后这一段时间中国所发生的革命事件。广义上辛亥革命指自19世纪末（一般从1894年兴中会成立开始，但也有学者认为从1905年同盟会成立算起）迄辛亥年成功推翻清朝统治在中国出现的连场革命运动。1911年夏天，湘、鄂、粤、川等省爆发保路运动，运动在四川省尤其激烈。9月25日，荣县独立，成为全中国第一个脱离清王朝的政权。把保路运动推向高潮。10月10日晚，新军工程第八营的革命党人打响了武昌起义的第一枪。汉阳、汉口的革命党人分别于10月11日夜、10月12日攻占汉阳和汉口。起义军掌控武汉三镇后，湖北军政府成立，黎元洪被推举为都督，改国号为中华民国。武昌,https://baike.baidu.com/item/%E8%BE%9B%E4%BA%A5%E9%9D%A9%E5%91%BD/5560,baike.baidu.com,baidu,2026-04-14T09:41:06+00:00,F:\ancientbuilding\raw_cn\scientists\baidu\04a4e3c9f284fda7.html,{}
480dbe23c2509a7a,scientists,2,中国古代建筑领域杰出科学家,科学家,福建,福建省,,唐,唐 733,733,733,text_year,1,pass,exact_or_alias_fuzzy,福建省，简称“闽”。是著名革命老区、中华人民共和国省级行政区。省会福州市，地处中国东南沿海，东北与浙江省毗邻，西北与江西省接界，西南与广东省相连，东南隔台湾海峡与台湾省相望；全省地势西北高，东南低，呈依山傍海态势，境内山地、丘陵面积约占全省总面积的90%；属亚热带季风气候；全省陆地面积12.4万平方千米，海域面积13.6万平方千米。截至2023年末，福建省辖9个地级市。截至2025年末，福建省常住人口4190万人。唐开元二十一年（733年），设立军事长官经略使。从福州、建州各取一字，名为福建经略军使，与福州都督府并存。元朝时期，置福建等处行中书省。明洪武九年（1376年），置福建等处承宣布政使司。福建省位于东海与南海的交通要冲，是历史上海上丝绸之路、郑和下西洋的起点，也是海上商贸集散地。开放优势明显，对外交流历史悠久，经济外向度高。福建历史代表文化为八闽文化。现有世界遗产5处：世界文化与自,https://baike.baidu.com/item/%E7%A6%8F%E5%BB%BA%E7%9C%81/122534?fromtitle=%E7%A6%8F%E5%BB%BA&fromid=132090,baike.baidu.com,baidu,2026-04-14T09:41:22+00:00,F:\ancientbuilding\raw_cn\scientists\baidu\480dbe23c2509a7a.html,"{""中文名"": ""福建省"", ""外文名"": ""Fujian Province [3]"", ""别 名"": ""闽 、 八闽 、 海西"", ""行政区划代码"": ""350000"", ""行政区类别"": ""省"", ""所属地区"": ""中华人民共和国"", ""地理位置"": ""中国东南沿海 中国 华东地区"", ""面 积"": ""124000 km²"", ""下辖地区"": ""9个 地级市"", ""政府驻地"": ""福州市 鼓楼区 华林路76号 [3]"", ""气候条件"": ""亚热带季风气候"", ""人口数量"": ""4190 万 （2025年末常住人口）"", ""著名景点"": ""武夷山 、 鼓浪屿 、 福建土楼 、 泰宁风景名胜区 、 白水洋 、 清源山 、 太姥山 、 三坊七巷 、 古田会议会址 、 湄洲岛"", ""机 场"": ""福州长乐国际机场 、 厦门高崎国际机场 、 泉州晋江国际机场 、 武夷山机场 、 三明沙县机场 、 龙岩冠豸山机场 、 厦门翔安国际机场 （在建） [72]"", ""火车站"": ""福州站 、 福州南站 、 厦门北站 、 泉州站 、 漳州站 、 莆田站 、 厦门站 、 惠安站 、 德化站 、 泉港站 、 泉州南站 、 泉州东站 、 福清西站 、 龙岩站 、 福鼎站 [85-90]"", ""车牌代码"": ""闽A－闽K"", ""地区生产总值"": ""60199.45 亿元 （2025年）"", ""省 花"": ""水仙花 [110]"", ""城 市"": ""南平市 、 三明市 、 龙岩市 、 漳州市 、 宁德市 、 莆田市 、 泉州市 、 厦门市 、 福州市"", ""省 会"": ""福州市"", ""现任领导"": ""周祖翼 [113] （省委书记） 、 赵龙 [113] （省长）"", ""第一批"": ""福州市马尾区亭江镇闽安村、福州市长乐市航城街道琴江村、三明市清流县赖坊乡赖安村、三明市大田县济阳乡济阳村、三明市建宁县溪源乡上坪村、三明市将乐县万全乡良地村、三明市明溪县胡坊镇肖家山村、三明市明溪县夏阳乡御帘村、三明市尤溪县台溪乡盖竹村、三明市尤溪县台溪乡书京村等 [92]"", ""第二批"": ""三明市明溪县城关乡翠竹洋村、三明市永安市燕西街道吉山村、三明市永安市小陶镇八一村、三明市永安市青水乡沧海畲族村、泉州市永春县岵山镇塘溪村、泉州市永春县岵山镇铺上村、泉州市永春县岵山镇铺下村、泉州市南安市官桥镇漳州寮村、漳州市芗城区天宝镇洪坑村、漳州市漳浦县旧镇镇石牛尾村等 [93]"", ""第三批"": ""福州市罗源县中房镇深坑村、福州市永泰县嵩口镇月洲村、福州市永泰县嵩口镇中山村、福州市永泰县盖洋乡盖洋村、福州市福清市南岭镇大山村食菜厝村、平潭综合实验区平潭县苏澳镇斗魁村、平潭综合实验区平潭县流水镇东美村、平潭综合实验区平潭县流水镇山门村、平潭综合实验区平潭县敖东镇青观顶村、平潭综合实验区平潭县白青乡白沙村等 [94]"", ""第四批"": ""福州市罗源县中房镇岭兜村、福州市罗源县飞竹镇塔里洋村、福州市闽清县梅溪镇桥东村、福州市闽清县坂东镇新壶村、福州市永泰县嵩口镇溪口村、福州市永泰县嵩口镇月阙村、福州市永泰县嵩口镇道南村、福州市永泰县嵩口镇芦洋村、三明市三元区莘口镇龙泉村龙安自然村、三明市明溪县夏坊乡苎畲村等 [95]"", ""第五批"": ""福州市仓山区城门镇林浦村、福州市罗源县中房镇林家村、福州市罗源县中房镇吉际村、福州市罗源县中房镇满盾村、福州市罗源县中房镇厚富村、福州市永泰县嵩口镇漈头村、福州市永泰县嵩口镇赤水村、福州市永泰县梧桐镇椿阳村、福州市永泰县梧桐镇后溪村、福州市永泰县梧桐镇潼关村等 [96]"", ""第六批"": ""福建省莆田市仙游县游洋镇龙山村、福建省福州市闽清县云龙乡后垅村、福建省三明市清流县赖坊镇赖武村、福建省漳州市南靖县船场镇下岭村、福建省龙岩市永定区湖坑镇南中村、福建省宁德市福安市社口镇仙溪村、福建省宁德市福安市上白石镇沙坑村、福建省宁德市屏南县煕岭乡龙潭村、福建省三明市清流县余朋乡东坑村、福建省三明市永安市贡川镇集凤村等 [97]"", ""传统戏剧"": ""梨园戏"", ""表演艺术"": ""南音"", ""传统音乐"": ""唢呐艺术（长汀公嫲吹）"", ""传统舞蹈"": ""傩舞 （邵武傩舞）"", ""福州"": ""三坊七巷 、 鼓山涌泉寺 、 福州仓山旧领事馆区遗址 、 福州西湖 、 马尾船政学堂 、 福州熊猫世界 、 福州国家森林公园 、 石竹山 、 青云山"", ""厦门"": ""鼓浪屿 、 园林植物园 、 集美鳌园 、 海沧大桥旅游区 、 日月谷温泉主题公园 、 天竺山森林公园 、 胡里山炮台 、 厦门园林博览苑 、 同安影视城 、翠丰温泉旅游区、 青礁慈济祖宫 、 北辰山 、 方特梦幻王国 、 环岛路 、 中山路步行街 、 南普陀寺 、 厦门大学 、 台湾民俗村 、 五缘湾湿地公园 、 梵天寺 、 大嶝小镇 · 台湾免税公园 、 灵玲国际马戏城"", ""漳州"": ""南靖土楼 、 东山岛 、 三平寺 、 马銮湾 、 火山地质公园 、 抽象画廊 、 云水谣 、 云洞岩 、 灵通岩 、 龙池岩 、 白礁慈济宫"", ""宁德"": ""白水洋 、 太姥山 、 白云山 （ 世界地质公园 ）、 翠屏湖 、 临水宫 、 嵛山岛"", ""龙岩"": ""古田会议会址 、 冠豸山 、 永定土楼 （ 世界文化遗产 ）、 汀州古城墙 、 汀州试院"", ""泉州"": ""五里桥 、 清源山 老君岩 、 崇武古城 、 清净寺 、 洛阳桥 、 泉州：宋元中国的世界海洋商贸中心 [41]"", ""三明"": ""桃源洞 、 天鹅洞 、 狐狸洞 、 泰宁丹霞 （ 世界自然遗产 ）、 闽江源生态旅游区"", ""莆田"": ""广化寺 、 南少林寺 、 湄洲岛 、 九龙谷 、 九鲤湖 、 莆田工艺美术城"", ""南平"": ""武夷山 （ 世界文化与自然双重遗产 ）、 万木林 及 归宗岩 风景区、 和平古镇 、 中国包酒文化博览园""}"
74c18941032f9d5e,scientists,2,中国古代建筑领域杰出科学家,科学家,工部尚书,工部尚书,,唐,唐 618,618,618,dynasty:唐代,1,pass,exact_or_alias_exact,工部尚书是中国古代工部的最高行政长官，始置于隋开皇二年，为六部（吏、户、礼、兵、刑、工）之一。其职能涵盖全国工程营造、水利建设、屯田管理及官办手工业等事务，唐代具体分管工部司、屯田司、虞部司、水部司四司。明代该官职定为正二品，清代升为从一品。隋代确立工部尚书建制，唐代承袭并完善四司分工体系。龙朔二年改称司平太常伯，光宅元年更名为冬官尚书，均于神龙年间恢复旧称。明清时期工部下设营缮清吏司等机构，历任官员包括隋代宇文恺、清代刘统勋等。,https://baike.baidu.com/item/%E5%B7%A5%E9%83%A8%E5%B0%9A%E4%B9%A6,baike.baidu.com,baidu,2026-04-14T09:42:09+00:00,F:\ancientbuilding\raw_cn\scientists\baidu\74c18941032f9d5e.html,"{""中文名"": ""工部尚书"", ""属 性"": ""古代官职"", ""起源时间"": ""唐朝"", ""职 责"": ""掌管全国屯田、水利、土木、工程""}"
9cbd017e13e99c61,scientists,2,中国古代建筑领域杰出科学家,科学家,阎立本,阎立本,,隋,隋 601,601,601,text_year,1,pass,exact_or_alias_exact,阎立本（约601年～673年）， 唐代画家，官至宰相，汉族，雍州万年（今陕西省西安临潼县）人，出身贵族，北周武帝宇文邕的外孙。其父是石保县公阎毗北周时为驸马，其母是北周武帝之女清都公主。因为阎擅长工艺，多巧思，工篆隶书，对绘画、建筑都很擅长，隋文帝和隋炀帝均爱其才艺。入隋后官至朝散大夫、将作少监。兄阎立德亦长书画、工艺及建筑工程。父子三人并以工艺、绘画闻名于世。代表作品有《步辇图》、《历代帝王像》等。,https://baike.baidu.com/item/%E9%98%8E%E7%AB%8B%E6%9C%AC,baike.baidu.com,baidu,2026-04-14T09:42:26+00:00,F:\ancientbuilding\raw_cn\scientists\baidu\9cbd017e13e99c61.html,{}
1bd64a3ac587b95b,scientists,2,中国古代建筑领域杰出科学家,科学家,营缮所,营缮所,,明,明 1392,1392,1392,text_year,1,pass,exact_or_alias_exact,营缮所为中国古代营造工程管理机构，宋朝始置，宋徽宗政和末置营缮所，专掌营缮之事并管辖官田、公田，主管人员为内侍，后并入西城所。明初工部设将作司，洪武二十五年（1392年）改置为营缮所，隶属工部四清吏司体系，承担南京城内外衙署、皇陵、庙宇、桥梁等营建修缮工程。单士元指出，将作司改为营缮所，终明之世承之不改。营缮所在明代改将作司而置，秩正七品，设所正一人、所副二人、所丞二人，以诸匠之精艺者为之。正统十二年（1447年），营缮所所副蒯祥、陆祥因修城有功升为工部主事。明代实行两京制，南京工部辖营缮所与宝源局、织染所等机构，其职能与北京工部存在分工差异。营缮所在工程中运用“描金”“沥粉贴金”等传统技艺，部分建筑遗存可见其工艺特征。,https://baike.baidu.com/item/%E8%90%A5%E7%BC%AE%E6%89%80,baike.baidu.com,baidu,2026-04-14T09:42:44+00:00,F:\ancientbuilding\raw_cn\scientists\baidu\1bd64a3ac587b95b.html,"{""中文名"": ""营缮所"", ""性 质"": ""古代官制名"", ""朝 代"": ""宋朝、明朝"", ""品 级"": ""正七品（所正品级）""}"
e55a4adc6356e452,scientists,2,中国古代建筑领域杰出科学家,科学家,畅春园,畅春园,,清,清 1684,1684,1684,text_year,1,pass,exact_or_alias_exact,畅春园，位于北京海淀区颐和园路5号，圆明园南，北京大学西，是北大“九大园林”之一。原址是明朝明神宗的外祖父李伟修建的“清华园”，人称“李园”。后来康熙将“清华园”改为“畅春园”，成为西郊第一所皇家园林。畅春园始建于清康熙二十三年（1684年）；康熙二十六年（1687），畅春园建成。今畅春园只剩恩佑寺与恩慕寺山门。畅春园当为京城西郊第一座兼有宫廷和游乐双重功能的离宫型园林，全园坐北朝南，分为南北两大部分，南部为议政和居住用的宫殿部分，北部是以水景为主的园林部分。畅春园整体呈长方形布局，南北长、东西短，根据文献图档估算，畅春园南北长约1000米，东西宽约600米，占地900亩（60公顷）。设园门五座：大宫门、大东门、小东门、大西门、西北门。主体建筑分为中、东、西三路，三路建筑各成体系，但又彼此相连。畅春园建筑格局以南部的宫殿区为主，北边的苑林区为辅，宫殿区又以九经三事殿为主，布局依照皇宫定式，,https://baike.baidu.com/item/%E7%95%85%E6%98%A5%E5%9B%AD/4646721,baike.baidu.com,baidu,2026-04-14T09:42:50+00:00,F:\ancientbuilding\raw_cn\scientists\baidu\e55a4adc6356e452.html,"{""中文名"": ""畅春园"", ""地理位置"": ""北京市海淀区颐和园路5号"", ""所处时代"": ""清"", ""占地面积"": ""60 公顷"", ""保护级别"": ""海淀区文物保护单位"", ""著名景点"": ""后湖 、 挹海堂 、 清雅亭 、 听水音 、 花聚亭"", ""所属国家"": ""中国"", ""所属城市"": ""北京市""}"
b225f0f304ea8c7e,scientists,2,中国古代建筑领域杰出科学家,科学家,雷家玺,雷家玺,,清,清 1764,1764,1764,infobox:出生日期=1764年,1,pass,exact_or_alias_exact,雷家玺（1764—1825），字国宝，江西建昌（今永修县）人，清代建筑师，样式雷家族第四代传人。担任样式房掌案，候选同知加五级享五品待遇。早年随乾隆帝下江南，因才华受赏识。乾隆五十七年（1792年）主持承建万寿山、玉泉山、香山园庭工程及承德避暑山庄。后承办嘉庆帝昌陵工程，开创样式雷家族设计皇家陵寝的先河。还负责宁寿宫花园、圆明园东路及同乐园戏台等工程，承办乾隆八十大寿庆典点景及宫中年例灯彩焰火。道光五年（1825年）病逝，因担心其子雷景修难堪重任，临终将样式房掌案职务移交同事。,https://baike.baidu.com/item/%E9%9B%B7%E5%AE%B6%E7%8E%BA,baike.baidu.com,baidu,2026-04-14T09:42:54+00:00,F:\ancientbuilding\raw_cn\scientists\baidu\b225f0f304ea8c7e.html,"{""中文名"": ""雷家玺"", ""字"": ""国宝"", ""主要成就"": ""主持万寿山等皇家园林工程、设计宁寿宫花园、主持昌陵工程、承办乾隆庆典点景工程"", ""出生日期"": ""1764年"", ""国 籍"": ""中国"", ""籍 贯"": ""江西建昌（今永修县）"", ""职 业"": ""建筑师"", ""逝世日期"": ""1825年""}"
80dd4d73041d3f71,treatises,3,中国古代建筑著作,著作,营造法式,营造法式,,宋,宋 1103,1103,1103,text_year,1,pass,exact_or_alias_exact,《营造法式》是宋崇宁二年（1103年）出版的图书，作者是李诫，是李诫在两浙工匠喻皓的《木经》的基础上编成的。是北宋官方颁布的一部建筑设计、施工的规范书， 这是我国古代最完整的建筑技术书籍，标志着中国古代建筑已经发展到了较高阶段。,https://baike.baidu.com/item/%E8%90%A5%E9%80%A0%E6%B3%95%E5%BC%8F,baike.baidu.com,baidu,2026-04-14T09:43:02+00:00,F:\ancientbuilding\raw_cn\treatises\baidu\80dd4d73041d3f71.html,{}
59795703be008dee,treatises,3,中国古代建筑著作,著作,园冶,园冶,,明,明 1631,1631,1631,text_year,1,pass,exact_or_alias_exact,中国古代造园专著，中国第一本园林艺术理论专著。明末造园家计成在江苏仪征所著，崇祯四年（公元1631年）成稿，崇祯七年（1634）刊行。全书共3卷，附图235幅。《园冶》是计成将园林创作实践总结提高到理论的专著，全书论述了宅园、别墅营建的原理和具体手法，反映了中国古代造园的成就，总结了造园经验，是一部研究古代园林的重要著作。《园冶》为后世的园林建造提供了理论框架以及可供模仿的范本。同时《园冶》采用以“骈四俪六”为其特征的骈体文，在文学上也有成就。,https://baike.baidu.com/item/%E5%9B%AD%E5%86%B6/2848352,baike.baidu.com,baidu,2026-04-14T09:43:05+00:00,F:\ancientbuilding\raw_cn\treatises\baidu\59795703be008dee.html,"{""中文名"": ""园冶"", ""别 名"": ""园牧"", ""作 者"": ""计成"", ""译 者"": ""胡天寿"", ""出版时间"": ""2009年7月1日"", ""出版社"": ""重庆出版社 [1]"", ""页 数"": ""256 页"", ""ISBN"": ""7536699662, 9787536699663"", ""定 价"": ""48 元"", ""开 本"": ""16 开"", ""装 帧"": ""平装"", ""正文语种"": ""汉语"", ""条形码"": ""9787536699663"", ""产品尺寸"": ""23.8 x 16.4 x 1.8 cm"", ""重 量"": ""499 g"", ""丛书名"": ""深入阅读中国古代物质文化书丛""}"
c1bd4bfb7c538a10,treatises,3,中国古代建筑著作,著作,工程做法则例,工程做法则例,,清,清 1644,1644,1644,dynasty:清代,1,pass,exact_or_alias_exact,工程做法则例，中国清代官式建筑通行的标准设计规范，原书封面书名为《工程做法则例》，而中缝书名为《工程做法》，共74卷，雍正十二年（1734）刊行，是继宋代《营造法式》之后官方颁布的又一部较为系统全面的建筑工程专书。,https://baike.baidu.com/item/%E5%B7%A5%E7%A8%8B%E5%81%9A%E6%B3%95%E5%88%99%E4%BE%8B,baike.baidu.com,baidu,2026-04-14T09:43:09+00:00,F:\ancientbuilding\raw_cn\treatises\baidu\c1bd4bfb7c538a10.html,{}
40c5d27db4b91488,treatises,3,中国古代建筑著作,著作,梓人传,梓人传,,唐,唐 618,618,618,dynasty:唐代,1,pass,exact_or_alias_exact,《梓人传》是唐代著名文学家柳宗元的作品，本文选自《柳河东集》。梓人指木工，建筑工匠。本文讲述了有木匠来敲翡封叔家宅的门，希望租间空屋子居住，用替屋主人服役来代替房租的故事。,https://baike.baidu.com/item/%E6%A2%93%E4%BA%BA%E4%BC%A0,baike.baidu.com,baidu,2026-04-14T09:43:26+00:00,F:\ancientbuilding\raw_cn\treatises\baidu\40c5d27db4b91488.html,{}
0f4eb34352e17c95,treatises,3,中国古代建筑著作,著作,《营造法式》,《营造法式》,,宋,宋 960,960,960,dynasty:宋代,1,pass,exact_or_alias_exact,中国宋代创作的、内容丰富的建筑学著作。,https://www.zgbk.com/ecph/words?SiteID=1&ID=283529&Type=bkzyb&Preview=false,www.zgbk.com,zgbk,2026-04-14T09:43:46+00:00,F:\ancientbuilding\raw_cn\treatises\zgbk\0f4eb34352e17c95.html,"{""英文名称"": ""Treatise on Architectural Methods"", ""著者"": ""李诫"", ""成书时间"": ""元符三年（1100）"", ""刊行时间"": ""崇宁二年（1103）"", ""卷数"": ""34""}"
e467362df811c3f3,treatises,3,中国古代建筑著作,著作,《长物志》,长物志,,明,明 1621,1621,1621,text_year,1,pass,exact_or_alias_fuzzy,《长物志》是明代文人文震亨所著的生活美学著作，成书于1621年，共十二卷。书名取自《世说新语》中“长物”概念，指代非生存必需的闲适玩好之物，强调器物鉴赏的雅致品位，其编纂基础为“重于鉴赏，志在汲古探新”。全书分为室庐、花木、水石、禽鱼、书画、几榻、器具、位置、衣饰、舟车、蔬果、香茗十二类，系统记述园林营造、器物选用及陈设规范，涵盖收藏鉴赏的具体方法。其中前五卷直接涉及园林要素，后七卷扩展至文人生活雅趣。文震亨系书画家文徵明曾孙，崇祯年间任武英殿中书舍人，明亡后殉节。该书与《园冶》形成互补：《园冶》侧重江南造园技艺，《长物志》偏重北方园林玩赏，尤其关注草木水源等稀缺资源的利用。,https://baike.baidu.com/item/%E9%95%BF%E7%89%A9%E5%BF%97/9344115,baike.baidu.com,baidu,2026-04-14T09:44:01+00:00,F:\ancientbuilding\raw_cn\treatises\baidu\e467362df811c3f3.html,"{""中文名"": ""长物志"", ""读 音"": ""zhàng wù zhì"", ""出 处"": ""《长物志》"", ""基 础"": ""重于鉴赏，志在汲古探新""}"
da9fb62e6dfda811,treatises,3,中国古代建筑著作,著作,《鲁班经》,鲁班经,,明,明 1368,1368,1368,dynasty:明代,1,pass,exact_or_alias_fuzzy,《鲁班经》是由明代午荣汇编、易金木译注的古籍整理本，2007年9月由华文出版社出版。该书全称《新镌京版工师雕斫正式鲁班经匠家镜》，现存最早版本为明万历年间刻本，含三卷及附录，与《鲁班营造正式》为不同典籍。全书系统记载春秋至宋元时期建筑营造法式与家具设计规范，涵盖正三架式、正五架式等框架结构及宫殿、祠堂等建筑形制，收录桌椅、箱柜等三十余种家具样式。主体内容包含建筑择吉法、水平尺法、构件规格及施工禁忌，涉及入山伐木择日、立柱上梁仪式等营造流程，详细阐释鲁班真尺的应用规则。另载风水歌诀、魇镇禳解符咒及古代建筑名词索引，附录涉及瓦将军、泰山石敢当等灵驱解法。,https://baike.baidu.com/item/%E9%B2%81%E7%8F%AD%E7%BB%8F/57399721,baike.baidu.com,baidu,2026-04-14T09:44:14+00:00,F:\ancientbuilding\raw_cn\treatises\baidu\da9fb62e6dfda811.html,"{""中文名"": ""鲁班经"", ""别 名"": ""鲁班经匠家镜 、 鲁班造福经"", ""出版时间"": ""2007年9月"", ""出版社"": ""华文出版社"", ""页 数"": ""384 页"", ""ISBN"": ""9787507521641"", ""类 别"": ""古籍整理本"", ""定 价"": ""55 元"", ""作 者"": ""午荣 汇编"", ""译 者"": ""易金木""}"
9f65f6923654c213,treatises,3,中国古代建筑著作,著作,《鲁班经》,《鲁班经》,,明,明 1368,1368,1368,dynasty:明代,1,pass,exact_or_alias_exact,中国古代托鲁班之名传木作之艺与木作之道的经书。,https://www.zgbk.com/ecph/words?SiteID=1&ID=60359&Type=bkzyb&Preview=false,www.zgbk.com,zgbk,2026-04-14T09:44:16+00:00,F:\ancientbuilding\raw_cn\treatises\zgbk\9f65f6923654c213.html,"{""英文名称"": ""Luban Book"", ""编者"": ""午荣"", ""成书时间"": ""明代"", ""卷数"": ""4"", ""原名"": ""《工师雕斵正式鲁班木经匠家镜》《鲁班经匠家镜》""}"
381e14d85557b91c,treatises,3,中国古代建筑著作,著作,天然图画,天然图画,,清,清 1711,1711,1711,text_year,1,pass,exact_or_alias_exact,天然图画是清代圆明园四十景之一，位于九州景区后湖东岸，属康熙朝始建的园林建筑群，初名竹子院，雍正时期改称天然图画。该景西临后湖，主体建筑为方楼，周边分布朗吟阁、竹薖楼、五福堂等景观，以竹林、玉兰和借景西山群岚、玉泉塔影著称。乾隆九年御制《天然图画》诗咏其景，五福堂前玉兰为康熙五十年（1711年）圆明园初建时所植，乾隆帝视其为同庚并题诗刻碑。五福堂匾额为康熙皇帝所赐，乾隆帝喜得玄孙后增题“五福五代堂”额。天然图画始建于康熙年间，雍正四年（1726年）御书“天然图画”匾额，乾隆五十一年（1786年）扩建五福堂并添建正殿，同年乾隆帝因玉兰盛开而立卧碑刻诗。乾隆二十九年（1764年）起，皇十五子颙琰（嘉庆帝）曾在此居住多年。遗址现存南部方形水池及池中小岛遗迹，该水池及小岛在乾隆年间存在，据推断于嘉庆末年至道光年间被填埋。2004年修复了五福堂前河池水系。该景观于1860年英法联军焚毁后仅存残迹。2,https://baike.baidu.com/item/%E5%A4%A9%E7%84%B6%E5%9B%BE%E7%94%BB,baike.baidu.com,baidu,2026-04-14T09:44:50+00:00,F:\ancientbuilding\raw_cn\treatises\baidu\381e14d85557b91c.html,"{""中文名"": ""天然图画"", ""别 名"": ""竹子院"", ""类 别"": ""文化遗址"", ""年 代"": ""清"", ""文物原属"": ""圆明园建筑景观"", ""文物现状"": ""被英法联军焚毁，现仅存遗迹""}"
51a38aaa816c0fc9,culture,4,中国古代建筑文化,文化,穿斗式,穿斗式木构架,,汉,汉 -202,-202,-202,dynasty:汉代,1,pass,exact_or_alias_exact,穿斗式木构架是中国古代木结构建筑的典型形式，其特点是沿房屋进深方向密集立柱，每柱直接承托檩条形成屋面荷载传递体系，并使用穿枋横向贯穿柱身构成单榀构架，相邻构架间通过斗枋纵向连接形成整体空间结构。该结构至迟在汉代已现雏形，宋元时期技术成熟，主要分布于中国南方长江中下游及西南地区。穿斗式构架采用细密柱网与榫卯连接技术，可通过较小尺寸木料建造大跨度房屋，具有省材经济、整体性强和抗震性能优越的特点。因柱枋密集限制了室内空间贯通性，常与抬梁式构架混合使用以兼顾空间需求与木材节约。典型代表为忠县石宝寨寨楼，其作为现存最高穿斗式木构建筑，采用榫卯工艺与山体承载结构实现稳定。福建土楼亦以逐层夯筑的土墙结合穿斗式木构架共同构成整体支撑体系，并于2008年入选《世界遗产名录》。川北传统民居营造技艺以穿斗式木结构为核心，于2021年被列入南充市级非物质文化遗产代表性项目名录，并于2025年入选四川省省级非物质文,https://baike.baidu.com/item/%E7%A9%BF%E6%96%97%E5%BC%8F%E6%9C%A8%E6%9E%84%E6%9E%B6?fromtitle=%E7%A9%BF%E6%96%97%E5%BC%8F&fromid=117383,baike.baidu.com,baidu,2026-04-14T09:45:56+00:00,F:\ancientbuilding\raw_cn\culture\baidu\51a38aaa816c0fc9.html,{}
868b803a9b8d19fb,culture,4,中国古代建筑文化,文化,里坊制,里坊制,,春秋,春秋 -770,-770,-770,dynasty:春秋,1,pass,exact_or_alias_exact,里坊制是中国古代主要的城市和乡村规划的基本单位与居住管理制度的复合体。考古发现表明，其雏形可追溯至夏代的二里头遗址。在中国，城市居住区经历了闾里制、里坊制、街巷制、邻里单位制、社区制5种形态。中国的里坊制城市至迟到春秋战国时期已经形成，在西汉至唐时期达到鼎盛，其中隋唐时期是其发展的最高峰，而唐朝的长安城被看作是里坊制最成熟的典型。里坊制是在西周时期闾里制度的基础上，演变而成的住区形制。三国时的曹魏都城——邺城开创了一种布局严整、功能分区明确的里坊制城市格局：平面呈长方形，宫殿位于城北居中，全城作棋盘式分割，居民与市场纳入这些棋盘格中组成“里”。相比于闾里制，里坊制管理更加严格并且等级森严，阶层严格分开。宫殿和衙署占有全城最有利的地位，并用城墙保护起来。到唐代后期，在如扬州等商业城市中传统的里坊制遭到破坏。随着城市商业和手工业的迅速发展，自唐代中晚期起，城市中侵街建房、坊内开店、破坏夜禁等现,https://baike.baidu.com/item/%E9%87%8C%E5%9D%8A%E5%88%B6,baike.baidu.com,baidu,2026-04-14T09:46:04+00:00,F:\ancientbuilding\raw_cn\culture\baidu\868b803a9b8d19fb.html,"{""中文名"": ""里坊制"", ""特 点"": ""基本单位与制度的复合体"", ""确立期"": ""春秋至汉"", ""极盛期"": ""三国至唐"", ""结束期"": ""宋""}"
c8f9bb130ec7b29c,culture,4,中国古代建筑文化,文化,重檐,重檐,,清,清 1644,1644,1644,dynasty:清代,1,pass,exact_or_alias_exact,重檐是中国传统建筑中具有两层或多层屋檐的屋顶形式，通过在下层檐叠加檐部形成层级结构，既扩大屋顶与屋身的体积比例，又增添建筑高度与层次韵律。其核心功能在于增强建筑庄严感和调节屋顶与屋身的视觉平衡，主要应用于高等级庑殿、歇山及追求竖向效果的攒尖顶，形成重檐庑殿顶、重檐歇山顶和重檐攒尖顶三大类型。清代将重檐形制等级化：重檐庑殿顶为最高规制，次为重檐歇山顶，再次为重檐攒尖顶。其构造依托外围金柱与抹角梁支撑上层檐部，按空间布局分为周围廊式、前后廊式等类型。典型实例包含太和殿的重檐庑殿顶、天安门的重檐歇山顶、祈年殿三重檐圆形攒尖顶，以及武当山金顶、明长陵祾恩殿等重要建筑遗存。故宫角楼则创新融合三重檐四角攒尖顶与重檐歇山顶结构，展现重檐体系的营造智慧。,https://baike.baidu.com/item/%E9%87%8D%E6%AA%90,baike.baidu.com,baidu,2026-04-14T09:47:09+00:00,F:\ancientbuilding\raw_cn\culture\baidu\c8f9bb130ec7b29c.html,"{""中文名"": ""重檐"", ""外文名"": ""double eave roof"", ""定 义"": ""中国传统建筑有两层或多层屋檐者"", ""分 类"": ""重檐庑殿、重檐歇山和重檐攒尖"", ""作 用"": ""增添屋顶层次，增强雄伟和庄严感"", ""实 例"": ""太和殿、天安门、祈年殿""}"
8dbd69d2492baf7d,culture,4,中国古代建筑文化,文化,歇山顶,歇山顶,,宋,宋 960,960,960,dynasty:宋朝,1,pass,exact_or_alias_exact,歇山顶，即歇山式屋顶，宋朝称九脊殿、曹殿或厦两头造，清朝改今称，又名九脊顶。为古代汉族建筑屋顶样式之一，在规格上仅次于庑殿顶。歇山顶亦有传入东亚其他地区，日本称为入母屋造。,https://baike.baidu.com/item/%E6%AD%87%E5%B1%B1%E9%A1%B6,baike.baidu.com,baidu,2026-04-14T09:47:12+00:00,F:\ancientbuilding\raw_cn\culture\baidu\8dbd69d2492baf7d.html,{}
5ec0316499bcf14e,culture,4,中国古代建筑文化,文化,四合院文化,四合院文化,,元,元 1271,1271,1271,dynasty:元代,1,pass,exact_or_alias_exact,四合院文化是传统民居形态，四合院又称四合房，由正房、倒座、东厢房及西厢房四面围合成中心庭院，具有规整的平面形制与独立房体布局特点。作为中国传统合院式建筑的典型代表，其营建遵循风水理论，从择地定位到建筑尺度均严格规范。北京四合院通过四向房屋的方位象征与空间组合体现文化内涵，相较于南方天井式建筑的四合院楼房及转角相连形式，北京四合院以开阔庭院与独立房屋布局为特色。其设计体现了天人合一、人与自然和谐相处的哲学思想。元代建都北京时期，四合院与宫殿、衙署等同步形成，并逐渐成为旧时北京城的主要居住形态，除皇家建筑外遍布百姓住宅。据《日下旧闻考》所载元人诗句，元代北京已出现四合院民居，考古发现显示元代四合院格局已与明清大体一致。历经明清演变，至清朝末年至民国时期逐渐融入西方建筑元素。近年来，为加强保护，北京市住房和城乡建设委员会发布了《北京市合院式历史建筑修缮技术导则(试行)》。,https://baike.baidu.com/item/%E5%9B%9B%E5%90%88%E9%99%A2%E6%96%87%E5%8C%96,baike.baidu.com,baidu,2026-04-14T09:49:24+00:00,F:\ancientbuilding\raw_cn\culture\baidu\5ec0316499bcf14e.html,"{""中文名"": ""四合院文化"", ""地理位置"": ""北京"", ""保护对象"": ""四合院"", ""定 义"": ""传统民居形态""}"
7b2f50c8468b1c14,culture,4,中国古代建筑文化,文化,照壁,照壁,,明,明 1368,1368,1368,dynasty:明朝,1,pass,exact_or_alias_exact,照壁是中国古代汉族传统建筑特有的部分。明朝时特别流行，一般讲，在大门内的屏蔽物。古人称之为：“萧墙”。因而有萧墙之说。在旧时，人们认为自己宅中不断有鬼来访，修上一堵墙，以断鬼的来路。因为据说小鬼只走直线，不会转弯。另一说法为照壁是中国受风水意识影响而产生的一种独具特色的建筑形式，称“影壁”或“屏风墙”。,https://baike.baidu.com/item/%E7%85%A7%E5%A3%81,baike.baidu.com,baidu,2026-04-14T09:51:34+00:00,F:\ancientbuilding\raw_cn\culture\baidu\7b2f50c8468b1c14.html,{}
abb438cbecb6846e,culture,4,中国古代建筑文化,文化,里坊,里坊,,春秋,春秋 -770,-770,-770,dynasty:春秋,1,pass,exact_or_alias_exact,里坊制的确立期，相当于春秋至汉。把全城分割为若干封闭的“里”作为居住区，商业与手工业则限制在一些定时开闭的“市”中。统治者们的宫殿和衙署占有全城最有利的地位，并用城墙保护起来。“里”和“市”都环以高墙，设里门与市门，由吏卒和市令管理，全城实行宵禁。,https://baike.baidu.com/item/%E9%87%8C%E5%9D%8A,baike.baidu.com,baidu,2026-04-14T09:54:32+00:00,F:\ancientbuilding\raw_cn\culture\baidu\abb438cbecb6846e.html,{}
