名称,建筑类型,朝代,建造年代,地理位置,建造者,自然科学成就,简介
故宫,皇宫,明,1420年,,,于明代永乐十八年（1420年）建成，是明、清两代的皇宫，汉族宫殿建筑之精华，无与伦比的古代建筑杰作，世界现存最大、最完整的木质结构的古建筑群,故宫在中国北京市市中心，旧称紫禁城。于明代永乐十八年（1420年）建成，是明、清两代的皇宫，汉族宫殿建筑之精华，无与伦比的古代建筑杰作，世界现存最大、最完整的木质结构的古建筑群。故宫全部建筑由“前朝”与“内廷”两部分组成，四周有城墙围绕。四面由筒子河环抱。城四角有角楼。四面各有…
北京故宫,皇宫,明,1406年,北京中轴线的中心,明成祖朱棣永乐四年（公元1406年）,北京故宫，全名北京故宫博物院，旧称为紫禁城，位于北京中轴线的中心，是中国明、清两代24位皇帝的皇家宫殿，是中国古代汉族宫廷建筑之精华，无与伦比的建筑杰作，也是世界上现存规模最大、保存最为完整的木质结构的古建筑之一；北京故宫由明成祖朱棣永乐四年（公元1406年）开始建设，以南京故宫为蓝本营建，到明代永乐十八年（公元1420年）建成，占地面积约为72万平方米，建筑面积约为15万平方米，它是一座长方形城池，东西宽七百五十三米，南北长九百六十一米,北京故宫，全名北京故宫博物院，旧称为紫禁城，位于北京中轴线的中心，是中国明、清两代24位皇帝的皇家宫殿，是中国古代汉族宫廷建筑之精华，无与伦比的建筑杰作，也是世界上现存规模最大、保存最为完整的木质结构的古建筑之一。它有大小宫殿七十多座，房屋九千余间，以太和、中和、保和三大殿为中…
沈阳故宫,皇宫,清,1625年,辽宁省沈阳市沈河区,,沈阳故宫按照建筑布局和建造先后，可以分为3个部分：东路、中路和西路,沈阳故宫，又称盛京皇宫，位于辽宁省沈阳市沈河区，为清朝初期的皇宫。沈阳故宫始建于清太祖天命十年（1625年），建成于清崇德元年（1636年）。总占地面积63272平方米，建筑面积18968平方米。它不仅是中国仅存的两大皇家宫殿建筑群之一，也是中国关外唯一的一座皇家建筑群。清朝迁…
阿房宫,皇宫,秦,前212年,陕西西安,秦始皇嬴政,秦代宫殿建筑技术巅峰，采用高台建筑形式，规模宏大；前殿东西500步、南北50丈，上可坐万人，体现秦代土木工程与夯土技术成就,
平遥县衙,官府,元,1346年,山西省 晋中市平遥古城内 [1],,平遥县衙坐落于平遥古城中心，始建于北魏，定型于元明清，保存下来最早的建筑在元至正六年（1346年），距今已有六百多年的历史，整座衙署坐北朝南，呈轴对称布局，南北轴线长二百余米，东西宽一百余米，占地26000余平方米,平遥县衙坐落于平遥古城中心，始建于北魏，定型于元明清，保存下来最早的建筑在元至正六年（1346年），距今已有六百多年的历史，整座衙署坐北朝南，呈轴对称布局，南北轴线长二百余米，东西宽一百余米，占地26000余平方米。平遥县衙，这座古县衙的主要建筑均有楹联，如大堂楹联：“吃百姓之…
恭王府,民居,清,1851年,,,恭王府（Prince Gong’s Mansion）国家重点文物保护单位，为清代规模最大的一座王府，曾先后作为和珅、永璘的宅邸,恭王府（Prince Gong’s Mansion）国家重点文物保护单位，为清代规模最大的一座王府，曾先后作为和珅、永璘的宅邸。1851年恭亲王奕訢成为宅子的主人，恭王府的名称也因此得来。恭王府历经了清王朝由鼎盛而至衰亡的历史进程，承载了极其丰富的历史文化信息，故有了“一座恭王…
乔家大院,民居,清,1756年,山西祁县,乔氏家族,晋商民居代表，6个大院19个小院313间房屋；全封闭城堡式建筑群，体现清代商宅建筑规制与装饰艺术,
马氏庄园,民居,清,1644年,安阳市安阳县蒋村镇西蒋村 [9],,马氏庄园位于河南省安阳市西部20公里的西蒋村，是清代广东巡抚马丕瑶的府第，建于清光绪至民国初期，保存完好，占地面积20000多平方米，其中建筑面积5000多平方米，被学者称为“中州大地绝无仅有的封建官僚府第建筑标本”，“中原第一官宅”，是全国重点文物保护单位，国家AAAA级旅游景区，全国红色旅游经典景区，河南省廉政教育基地,马氏庄园位于河南省安阳市西部20公里的西蒋村，是清代广东巡抚马丕瑶的府第，建于清光绪至民国初期，保存完好，占地面积20000多平方米，其中建筑面积5000多平方米，被学者称为“中州大地绝无仅有的封建官僚府第建筑标本”，“中原第一官宅”，是全国重点文物保护单位，国家AAAA级旅游…
福建土楼,民居,明,1644年,福建省永定区、南靖县、华安县 [6],,福建土楼，分布于福建和广东两省，主要有龙岩市境内的永定土楼，漳州市境内的南靖土楼、华安土楼、平和土楼、诏安土楼、云霄土楼、漳浦土楼以及泉州土楼等,福建土楼，分布于福建和广东两省，主要有龙岩市境内的永定土楼，漳州市境内的南靖土楼、华安土楼、平和土楼、诏安土楼、云霄土楼、漳浦土楼以及泉州土楼等。福建土楼产生于宋元，成熟于明末、清代和民国时期。土楼以石为基，以生土为主要原料，分层交错夯筑，配上竹木作墙骨牵拉，丁字交叉处则用木定…
安济桥,桥梁,隋,605年,坐落于今河北省赵县南的洨河之上,李春,隋大业（605～617）年间建成的敞肩石拱桥,隋大业（605～617）年间建成的敞肩石拱桥。又称 赵州桥 。
广济桥,桥梁,元,1171年,潮州古城东门外,,广济桥以集梁桥、浮桥、拱桥于一体的独特风格，与赵州桥、洛阳桥、卢沟桥并称中国著名古桥,广济桥，古称康济桥、丁侯桥、济川桥，俗称湘子桥，位于潮州古城东门外，横跨韩江，联结东西两岸，为古代闽粤交通要津。广济桥以集梁桥、浮桥、拱桥于一体的独特风格，与赵州桥、洛阳桥、卢沟桥并称中国著名古桥。该桥始建于南宋乾道七年（公元1171年），至明嘉靖九年（公元1530年）形成“十…
安平桥,桥梁,民国,1138年,福建省泉州晋江市安海镇兴安路3号 [11],,安平桥（Anping Bridge），曾用名五里桥、西桥、安海桥，是中国福建省泉州市境内连接晋江市和南安市的一座桥梁，是世界上中古时代最长的梁式石桥，也是中国现存最长的海港大石桥，是古代桥梁建筑的杰作，享有“天下无桥长此桥”之誉,安平桥（Anping Bridge），曾用名五里桥、西桥、安海桥，是中国福建省泉州市境内连接晋江市和南安市的一座桥梁，是世界上中古时代最长的梁式石桥，也是中国现存最长的海港大石桥，是古代桥梁建筑的杰作，享有“天下无桥长此桥”之誉。安平桥始建于南宋绍兴八年（1138年），绍兴二十…
洛阳桥,桥梁,元,1041年,洛阳江水道之上,,洛阳桥（Luoyang Bridge），曾用名“万安桥”，在万安桥（洛阳桥）尚未修建之时，这里原有古渡口——万安渡（亦名洛阳渡），故名,洛阳桥（Luoyang Bridge），曾用名“万安桥”，在万安桥（洛阳桥）尚未修建之时，这里原有古渡口——万安渡（亦名洛阳渡），故名。洛阳桥是现存最早的跨海梁式石桥，是中国福建省泉州市境内连接台商投资区和洛江区的一座桥梁，位于洛阳江水道之上，素有“海内第一桥”之誉，是古代“四…
五亭桥,桥梁,清,1757年,国家5A级景区——江苏省扬州市瘦西湖内,,中秋之夜，可感受到“面面清波涵月影，头头空洞过云桡，夜听玉人箫”的绝妙佳境，具有极高的桥梁工程技术和艺术水平,五亭桥有“中国最美的桥”之称，是古代桥梁建筑的杰作。位于国家5A级景区——江苏省扬州市瘦西湖内，是扬州市的地标建筑，五亭桥始建于乾隆二十二年（1757年），是仿北京北海的五龙亭和十七孔桥而建的，又叫莲花桥。“上建五亭、下列四翼，桥洞正侧凡十有五。”建筑风格既有南方之秀，也有北方…
玉带桥,桥梁,清,1795年,北京颐和园昆明湖长堤上,,全国各地有许多桥梁名曰“玉带桥”,全国各地有许多桥梁名曰“玉带桥”。其中最著名的一座位于北京颐和园昆明湖长堤上，建于清乾隆年间（公元1736-1795年）。该桥单孔净跨11.38米，矢高约7.5米，全部用玉石琢成，桥面是双反向曲线，组成波形线桥型，配有精制白石栏板，显得格外富丽堂皇。其它的如江西省信丰县玉带桥，…
泸定桥,桥梁,清,1705年,,,泸定桥（Luding Chain Bridge），又名大渡桥，是中国四川省甘孜藏族自治州泸定县泸桥镇境内的一座跨大渡河铁索桥，为泸定桥风景区的主要景观文物,泸定桥（Luding Chain Bridge），又名大渡桥，是中国四川省甘孜藏族自治州泸定县泸桥镇境内的一座跨大渡河铁索桥，为泸定桥风景区的主要景观文物。泸定桥始建于清康熙四十四年（1705年）九月，于清康熙四十五年（1706年）四月投入使用；于1961年3月4日被纳入中国首…
未央宫,皇宫,汉,前200年,陕西省西安市未央区,,未央宫是中国古代规模最大的宫殿建筑群之一，总面积约5平方千米，亭台楼,未央宫，西汉帝国的大朝正宫，汉朝的政治中心和国家象征，建于汉高祖七年（前200年），由刘邦重臣萧何监造，在秦章台的基础上修建而成，位于汉长安城地势最高的西南角龙首原上，因在长安城安门大街之西，又称西宫。自未央宫建成之后，西汉皇帝都居住在这里，成为汉帝国200余年间的政令中心，所…
长乐宫,皇宫,汉,前202年,未央宫东,,长乐宫是中国汉代的“三宫”之一，属于西汉皇家宫殿群,长乐宫是中国汉代的“三宫”之一，属于西汉皇家宫殿群。与未央宫、建章宫同为汉代三宫。汉高祖之后为太后居所。因其位于未央宫东，又称东宫。意为“长久快乐”，长乐宫总面积约6平方公里，相当于约8个故宫大小。（故宫总面积为0.72平方公里）。
太极宫,皇宫,隋,582年,长安城中轴线北部,,宫城城墙为夯土板筑，墙壁高三丈五尺（合10．3米），墙基宽一般在18米左右，只有东城墙部分的宽度是14米多,太极宫位于长安城中轴线北部，始建于隋文帝开皇二年（582年），隋称大兴宫，唐睿宗景云元年(710年)改称太极宫。因其为唐帝国的正宫，故又称“京大内”，唐高宗时期修大明宫后改称太极宫为“西内”。太极宫之南为皇城，北倚长安北墙，北墙外为西内苑，内苑之北为禁苑（隋大兴苑），东西两侧分…
紫禁城,皇宫,明,1420年,中天,,紫禁城（Forbidden City）是中国明、清两代24个皇帝的皇宫,紫禁城（Forbidden City）是中国明、清两代24个皇帝的皇宫。明朝第三位皇帝朱棣迁都北京，开始营造紫禁城宫殿，至明永乐十八年（1420年）落成。依照中国古代星象学，紫微垣位于中天，乃天帝所居，天人对应，是以皇帝的居所又称紫禁城。
宝带桥,桥梁,清,816年,江苏省苏州市城南街道,,宝带桥（Baodai Bridge），别名长桥，是中国江苏省苏州市境内的一座桥梁，南北横卧于大运河和澹台湖之间的玳玳河口，与古运河平行，是中国古代十大名桥之一，也是中国现存的古代桥梁中，最长的一座多孔石桥，是中国现存最长、保存最完整的一座大型古代连拱石桥；明正统十一年（1446年），宝带桥重新建设，形制与规模多基本沿袭至今,宝带桥（Baodai Bridge），别名长桥，是中国江苏省苏州市境内的一座桥梁，南北横卧于大运河和澹台湖之间的玳玳河口，与古运河平行，是中国古代十大名桥之一，也是中国现存的古代桥梁中，最长的一座多孔石桥，是中国现存最长、保存最完整的一座大型古代连拱石桥。宝带桥始建唐元和十一年…
灞桥,桥梁,清,583年,灞河水道之上,,灞桥（Ba Bridge），曾用名情尽桥、断肠桥、销魂桥，是中国陕西省西安市灞桥区境内的一座桥梁，位于灞河水道之上，是中国历史上最古老、久负盛名而又相当宏伟的一座桥，是中国古代十大名桥之一，曾是西安东去的一条必经通道,灞桥（Ba Bridge），曾用名情尽桥、断肠桥、销魂桥，是中国陕西省西安市灞桥区境内的一座桥梁，位于灞河水道之上，是中国历史上最古老、久负盛名而又相当宏伟的一座桥，是中国古代十大名桥之一，曾是西安东去的一条必经通道。春秋时期，秦穆公称霸西戎，将滋水改为灞水并修桥，故称“灞桥”…
内乡县衙,民居,元,1304年,河南省南阳市内乡县城东大街,,据《内乡县志》记载，县衙始建于元大德八年(公元1304年)，历经明、清多次维修和扩建，逐渐形成一组规模宏大的官衙式建筑群,内乡县衙，国家4A级文化旅游景区，位于河南省南阳市内乡县城东大街。据《内乡县志》记载，县衙始建于元大德八年(公元1304年)，历经明、清多次维修和扩建，逐渐形成一组规模宏大的官衙式建筑群。内乡县衙座北面南，占地面积8500平方米，中轴线上排列着主体建筑大门、大堂、二堂、迎宾厅、…
浮梁县衙,官府,清,816年,江西省景德镇市浮梁县浮梁镇旧城村,,浮梁县衙，位于江西省景德镇市浮梁县浮梁镇旧城村，始建于唐朝元和十一年（816年）,浮梁县衙，位于江西省景德镇市浮梁县浮梁镇旧城村，始建于唐朝元和十一年（816年）。按照清道光《浮梁县志》中的浮梁县署分布图记载，县衙坐北朝南，主体建筑在东、中、西轴上，呈三列由南向北依次排列，中轴线上分布有照壁、头门、仪门、衙院、六房（吏房、户房、礼房、兵房、工房、刑房）、大堂…
叶县县衙,民居,明,1369年,河南省平顶山市叶县东大街,,西侧副线上有古时衙署内工作人员办公及休息的西群房，有知县反省自身功过的虚受堂、思补斋及南北书房等建筑，布局合理，风格古朴，充分显示了明代县级政权官署衙门的规制和风貌；叶县县衙建筑群落布局合理、规模宏大，其建筑形式融南北之风格，对研究中国古代建筑的风格、流派特点及变化规律等都具有重要价值,叶县县衙，位于河南省平顶山市叶县东大街，占地面积16848平方米，始建于明洪武二年（1369年）。叶县县衙是由中轴线及东、西两侧副线三部分建筑群组成的，除了位于中轴线上的大堂、二堂、三堂外，其东侧副线上由南向北依次分布着监狱、厨院、知县宅等建筑。西侧副线上有古时衙署内工作人员办…
临晋县衙,官府,民国,1307年,山西省临猗县城西北20公里的临晋镇,,临晋县衙位于山西省临猗县城西北20公里的临晋镇，为元代时临晋县衙署所在地,临晋县衙位于山西省临猗县城西北20公里的临晋镇，为元代时临晋县衙署所在地。廨署创建于元大德间(1279～1307年)。明清两代及民国年间均有修葺，大堂的梁脊板上留有民国23年（1934年）10月最后一次重修题记。现存主体建筑大堂为元代原构，是山西省目 前保留下来的三处元代大堂建…
直隶总督署,官府,明,1730年,,,1730年（清雍正八年）经过大规模的扩建后正式建立总督署，历经雍正、乾隆、嘉庆、道光、咸丰、同治、光绪、宣统八帝，可谓是清王朝历史的缩影，曾驻此署的直隶总督共59人66任，如曾国藩、李鸿章、袁世凯、方观承等直到1909年清朝末代皇帝逊位才废止,直隶总督署，又称直隶总督部院，是中国一所保存完整的清代省级衙署。原建筑始建于元，明初为保定府衙，明永乐年间改做大宁都司署，清初又改作参将署。1730年（清雍正八年）经过大规模的扩建后正式建立总督署，历经雍正、乾隆、嘉庆、道光、咸丰、同治、光绪、宣统八帝，可谓是清王朝历史的缩影，…
霍州署,官府,唐,618年,临汾市霍州鼓楼 [4],,无论其位置选择、建筑规模，还是整体布局、形制设计，均为全国现存同类衙署之冠，是中国已知唯一一座保存较完整的古代州级署衙，凝聚着古代汉族劳动人民聪明才智，闪耀着中华民族历史文化光辉的璀璨明珠，在霍州大地重放异彩,霍州署位于山西省临汾市霍州市东大街北侧，始建于唐代，占地面积3.85万平方米，现存古建筑为元、明、清古文化遗产。无论其位置选择、建筑规模，还是整体布局、形制设计，均为全国现存同类衙署之冠，是中国已知唯一一座保存较完整的古代州级署衙，凝聚着古代汉族劳动人民聪明才智，闪耀着中华民族…
密县县衙,官府,隋,1400年,河南省会郑州西南43公里处,,密县县衙位于河南省会郑州西南43公里处，四周冈阜逶迤、山亘如堂，古称中州之奥区，是历代帝王入主中原、兵家必争之地,密县县衙位于河南省会郑州西南43公里处，四周冈阜逶迤、山亘如堂，古称中州之奥区，是历代帝王入主中原、兵家必争之地。它历史悠久、文化灿烂，历经沧桑1400年，一直是方圆百里密县境域的政治、经济、文化之中心，古县衙所在地，原古名为法桥堡，隋代由密县县东大隗移此。坐座在原密县城之中心…
乾清宫,皇宫,明,1368年,,,乾清宫是内廷正殿，即民间所谓“后三宫（乾清宫、交泰殿、坤宁宫）中的第一座宫殿,乾清宫是内廷正殿，即民间所谓“后三宫（乾清宫、交泰殿、坤宁宫）中的第一座宫殿。乾清宫面阔9间，进深5间，高20米，重檐庑殿顶。殿的正中有宝座，两头有暖阁。乃明清十六个皇帝的寝宫： 明朝的十四个皇帝和清代的顺治、康熙两个皇帝，都以乾清宫为寝宫。他们在这里居住，也在平时处理日常政务…
坤宁宫,皇宫,明,1420年,交泰殿后面,,坤宁宫为中国古代宫殿建筑之精华,坤宁宫为中国古代宫殿建筑之精华。属于北京故宫内廷后三宫之一，位于交泰殿后面。坤宁宫宫名字出自《道德经》原文：昔之得一者，天得一以清，地得一以宁，神得一以灵，谷得一以盈，万物得一以生，侯王得一而以为天下贞。在古代皇后的地位跟皇帝相对，是天下女性中最尊贵的，皇帝是天，皇后就是地，皇…
建福宫,皇宫,清,1742年,内廷西路 西六宫 西侧,,建福宫位于北京故宫内廷西路，始建于清乾隆七年（1742年），嘉庆七年（1802年）重修,建福宫位于北京故宫内廷西路，始建于清乾隆七年（1742年），嘉庆七年（1802年）重修。建筑群呈南北狭长形制，东西宽约21米，南北长逾110米，以建福门、抚辰殿、建福宫、惠风亭和静怡轩构成四进庭院，其内部装修工艺为紫禁城代表作。初为乾隆守制所建，后成为皇帝游憩、书福及供奉神位场…
上驷院,官府,清,1677年,,,上驷院是清代内务府所属的三院之一（与武备院、奉宸苑合称“内三院”），掌管宫内所用之马,上驷院是清代内务府所属的三院之一（与武备院、奉宸苑合称“内三院”），掌管宫内所用之马。其衙门最初在东华门内三座门之西，后来改建在左翼门外。设监管事务大臣，无定员；卿二人（雍正六年定），正三品，其一由侍卫补授，其一由内务府司员补授。清初沿用明代之制，设御马监，顺治十八年(1661…
东六宫,皇宫,明,1420年,北京故宫中轴线东侧的东一长街,,建筑群均为二进院布局，黄琉璃瓦歇山或硬山顶，明清时期为嫔妃居所，现存建筑保留明代格局，部分宫苑存有乾隆御题匾额及彩画装饰,东六宫位于北京故宫中轴线东侧的东一长街，由景仁宫、承乾宫、钟粹宫、景阳宫、永和宫、延禧宫组成，始建于明永乐十八年（1420年）。建筑群均为二进院布局，黄琉璃瓦歇山或硬山顶，明清时期为嫔妃居所，现存建筑保留明代格局，部分宫苑存有乾隆御题匾额及彩画装饰。各宫在明清两代历经多次修缮：…
南京故宫,皇宫,元,1366年,今中山东路南北两侧,,南京故宫，又称明故宫、南京紫禁城，是明朝首都应天府（南京）的皇宫,南京故宫，又称明故宫、南京紫禁城，是明朝首都应天府（南京）的皇宫。建造前后历时二十余年，占地面积超过101.25万平方米，是中世纪世界上最大的宫殿建筑群，被称为“世界第一宫殿”。南京故宫作为中国古代都城宫殿建筑的集大成者，其建筑形制为北京故宫所继承，是北京故宫的蓝本。现部分遗址…
宫殿建筑,皇宫,唐,618年,,,"宫殿建筑是中国古代帝王行使皇权、处理政务、居住及满足精神与物质生活享受的大型建筑群，具有严格的中轴对称布局与""前朝后寝""功能分区，主体建筑多采用抬梁式木构架与黄琉璃瓦顶，整体呈现金玉交辉的装饰特征；现存北京故宫占地面积72万平方米，宫墙周长3400米，为现存规模最大的古代宫殿建筑群","宫殿建筑是中国古代帝王行使皇权、处理政务、居住及满足精神与物质生活享受的大型建筑群，具有严格的中轴对称布局与""前朝后寝""功能分区，主体建筑多采用抬梁式木构架与黄琉璃瓦顶，整体呈现金玉交辉的装饰特征。现存北京故宫占地面积72万平方米，宫墙周长3400米，为现存规模最大的古代宫殿建…"
明清皇宫,皇宫,明,1406年,,,故宫是世界上现存规模最大最完整的古代木结构建筑群，为我国现存最大最完整的古建筑群,故宫又称紫禁城，是中国明清两代的皇宫。故宫是世界上现存规模最大最完整的古代木结构建筑群，为我国现存最大最完整的古建筑群。它始建于明永乐四年（公元1406年），历时14年才完工，共有24位皇帝先后在此登基。
麟趾宫,皇宫,魏晋,286年,沈阳故宫 清宁宫 西侧,,麟趾宫位于沈阳故宫清宁宫西侧，建于清太宗天聪年间(1627—1635)，崇德元年(1636)定名麟趾，为清太宗皇太极贵妃娜木钟的寝宫，建筑形式为硬山殿顶五开间式,麟趾宫位于沈阳故宫清宁宫西侧，建于清太宗天聪年间(1627—1635)，崇德元年(1636)定名麟趾，为清太宗皇太极贵妃娜木钟的寝宫，建筑形式为硬山殿顶五开间式。该宫亦称西宫，其所在建筑群与清宁宫、关雎宫等共同构成沈阳故宫中路中轴线的“宫高殿低”格局。娜木钟为博尔济吉特氏，蒙古…
宁寿宫,皇宫,清,1689年,北京市东城区景山前街4号北京故宫内,,宁寿宫（The Palace of Tranquil Longevity），位于北京市东城区景山前街4号北京故宫内，始建于清康熙二十八年（1689年）作为皇太后和太皇太后的寝宫，清乾隆三十七年（1772年）宁寿宫开始改造为归政临朝受贺之所，清乾隆四十一年（1776年）改造完工,宁寿宫（The Palace of Tranquil Longevity），位于北京市东城区景山前街4号北京故宫内，始建于清康熙二十八年（1689年）作为皇太后和太皇太后的寝宫，清乾隆三十七年（1772年）宁寿宫开始改造为归政临朝受贺之所，清乾隆四十一年（1776年）改造完工。…
永定土楼,民居,清,1644年,福建省西南部,,永定土楼，即永定客家土楼，位于福建省西南部的龙岩市永定区，中国古建筑的一朵奇葩，永定土楼的设施布局既有苏州园林的印迹，也有古希腊建筑的特点，是中西合璧的建筑典范；永定土楼的结构还体现了客家人世代相传的团结友爱传统,永定土楼，即永定客家土楼，位于福建省西南部的龙岩市永定区，中国古建筑的一朵奇葩，永定土楼的设施布局既有苏州园林的印迹，也有古希腊建筑的特点，是中西合璧的建筑典范。在永定2200多平方公里的土地上，分布着2万多座土楼，其中有三层以上的大型建筑近5000座，圆楼360多座，其中清代…
南靖土楼,民居,宋,960年,,,南靖土楼是指遍布漳州市南靖、华安、平和、诏安、云霄、漳浦等县山区的土楼，以历史悠久、数量众多、规模宏大、造型奇异、风格独特而闻名于世，被誉为“神话般的山区建筑”；福建土楼是世界上独一无二的山区大型夯土民居建筑，依山就势，布局合理，吸收了中国传统建筑规划的“风水”理念，适应聚族而居的生活和防御要求，巧妙地利用了山间狭小的平地和当地的生土、木材、鹅卵石等建筑材料，是一种自成体系，具有节约、坚固、防御性强的特点，又极富美感的生土高层建筑模式,南靖土楼是指遍布漳州市南靖、华安、平和、诏安、云霄、漳浦等县山区的土楼，以历史悠久、数量众多、规模宏大、造型奇异、风格独特而闻名于世，被誉为“神话般的山区建筑”。福建土楼产生于宋朝时代，明、清朝时期逐渐成熟，并一直延续至今。福建土楼是世界上独一无二的山区大型夯土民居建筑，依山就…
华安土楼,民居,明,2024年,漳州市华安县 [6],,景区涵盖大地土楼群与上坪明代万历三楼群落，其中上坪明代万历三楼群落包含单元式布局的明代齐云楼，其石刻匾额记载建造时间可精确至年份，二宜楼外墙厚度达2.5米并设有隐通廊、传声洞等独特防卫结构；2023年起实施活化利用工程，启丰楼引入先锋书店并规划畲族非遗展示区，昇平楼纳入清华大学建筑研究项目,华安土楼是位于福建省漳州市华安县的国家4A级景区，现存68幢闽南传统民居建筑，其中以二宜楼为核心的大地土楼群于2008年被列入《世界文化遗产名录》。景区涵盖大地土楼群与上坪明代万历三楼群落，其中上坪明代万历三楼群落包含单元式布局的明代齐云楼，其石刻匾额记载建造时间可精确至年份，…
泉州土楼,民居,明,1368年,,,泉州的土楼建筑风格独特，大多结合了闽南古大厝的传统建筑手法，土楼也属于闽南传统建筑的重要组成部分，无论是土楼的彩绘、雕花、斗拱等，都饱含着闽南传统建筑的特色,泉州总共有土楼63座，分布在安溪、南安、永春、德化、洛江、石狮和泉港。这些土楼圆形、方形为主，明代的有4座，清代的有57座，民国的有2座。 其中泉州安溪土楼（西坪土楼，包括映宝楼、聚斯楼、南岩梅记泰山楼）为国家保护单位。泉州土楼不但有较高的文化、艺术价值，还是游子们的“精神家园…
湘子桥,桥梁,宋,960年,广东省潮州古城的东门外,,湘子桥奇特别致的结构，集梁桥、拱桥、浮桥等形式于一体，是凝结了古代劳动人民的智慧和艺术的结晶,湘子桥是古代汉族桥梁建筑的杰作。位于广东省潮州古城的东门外，初建于宋代，距今已有800余年的历史。湘子桥奇特别致的结构，集梁桥、拱桥、浮桥等形式于一体，是凝结了古代劳动人民的智慧和艺术的结晶。它是中国第一也是世界第一座启闭式桥梁，以其“十八梭船二十四洲”的独特风格与河北赵州桥、…
二十四桥,桥梁,清,1736年,扬州市邗江区大虹桥路28号瘦西湖风景区内,,二十四桥为单孔拱桥，跨于瘦西湖上；二十四桥桥梁立面呈穹隆形，俗称“单驼峰式”，桥面中部(拱顶上)是圆弧形，两端是阶梯式坡道，各有12级踏步，桥堍的平面呈梯形，俗称喇叭形,二十四桥（Twenty-Four Bridges），又称为廿四桥、念四桥是位于江苏省扬州市邗江区大虹桥路28号瘦西湖风景区内的桥梁。二十四桥为单孔拱桥，跨于瘦西湖上。清乾隆年间(1736-1795年)建。1986年，国家和地方拨款246万元，于1987年10月动工兴建。1990…
咸阳宫,皇宫,秦,前350年,今陕西省西安市西,,秦孝公十二年（前350年），秦国迁都咸阳，营建宫室，至迟到秦昭王时，咸阳宫已建成,咸阳宫是秦帝国的皇宫，位于今陕西省西安市西，咸阳市东区域。秦孝公十二年（前350年），秦国迁都咸阳，营建宫室，至迟到秦昭王时，咸阳宫已建成。最初咸阳宫位于秦都咸阳城的北部阶地上，在秦始皇统一六国过程中，不断进行扩建。据记载，该宫“因北陵营殿”，为秦始皇执政“听事”的所在。秦国统…
长信宫,皇宫,汉,前202年,西汉都城长安城内东南隅,,长信宫是汉代长乐宫建筑群中最重要的宫殿，位于西汉都城长安城内东南隅，汉景帝为其母窦太后设置，汉代太后常居于此,长信宫是汉代长乐宫建筑群中最重要的宫殿，位于西汉都城长安城内东南隅，汉景帝为其母窦太后设置，汉代太后常居于此。名称“长信”源于秋主信之意。自窦太后以降，西汉历代皇太后大都居住于此，后人也用其代指太皇太后。著名的长信宫灯即因曾放置于此而得名。
兴庆宫,皇宫,唐,755年,长安外郭东城春明门内,,兴庆宫是唐玄宗做藩王时期的府邸，唐玄宗登基后大规模扩建，成为长安城三大内之一,兴庆宫是唐长安城三大宫殿群（三大内：太极宫、大明宫、兴庆宫）之一，称为“南内”。位于长安外郭东城春明门内。唐代的兴庆宫范围，东至今仁厚庄与理工大西部，西至今兴庆西路，南至今咸宁西路中段，北至今东关长乐坊路南，今遗址开辟有兴庆宫公园。兴庆宫是唐玄宗做藩王时期的府邸，唐玄宗登基后大…
慈宁宫,皇宫,清,1536年,北京市东城区景山前街4号故宫博物院内,,慈宁宫（Cining Palace），位于北京市东城区景山前街4号北京故宫内，是北京故宫的原清代皇太后居住的正宫，始建于明嘉靖十五年（1536年）,慈宁宫（Cining Palace），位于北京市东城区景山前街4号北京故宫内，是北京故宫的原清代皇太后居住的正宫，始建于明嘉靖十五年（1536年） 。慈宁宫门前有一东西向狭长的广场，两端分别是永康左门、永康右门，南侧为长信门。慈宁门位于广场北侧，内有高台甬道与正殿慈宁宫相通。院…
中国四大古代官衙,官府,清,1304年,,,故宫为规模最大的明清皇家宫殿建筑群，直隶总督署是保存最完整的清代省级衙署，霍州署为现存唯一州级官署，内乡县衙则是国内唯一完整保留的县级官署；故宫博物院前身为明清皇宫，1925年正式建院，建筑群沿中轴线布局,中国四大古代官衙是中国现存四级古代官署建筑群的代表，包括中央级的北京故宫博物院、省级的保定直隶总督署、州级的霍州署及县级的内乡县衙，分别对应明清至近代中央至地方行政机构形制。故宫为规模最大的明清皇家宫殿建筑群，直隶总督署是保存最完整的清代省级衙署，霍州署为现存唯一州级官署，内乡…
建章宫,皇宫,西汉,前104年,陕西西安,汉武帝刘彻,西汉皇家宫殿，号称千门万户，采用一池三山园林布局，开创中国皇家园林规划先河,
大明宫,皇宫,唐,634年,陕西西安,唐太宗李世民,唐代最大宫殿群，面积约3.2平方千米，相当于明清故宫4.5倍；含元殿凹形宫阙形制开创宫殿建设典范，对东亚宫殿建筑产生深远影响,
紫禁城（故宫）,皇宫,明清,1420年,北京,蒯祥等,世界最大最完整的木质古建筑群，占地72万平方米；采用模数化设计，以斗口为基本模数；太和殿面阔11间，重檐庑殿顶，代表中国古代木构建筑最高水平,
南京明故宫,皇宫,明,1368年,江苏南京,明太祖朱元璋,明代第一座皇家宫殿，开创明清宫殿中轴对称布局先河，北京故宫以其为蓝本建造,
赵州桥,桥梁,隋,605年,河北赵县,李春,世界现存最古老的敞肩石拱桥，首创敞肩拱结构，比欧洲同类桥早700年；主拱跨度37.02米，拱高仅7.23米，大跨度低弧线设计；采用28道独立拱券并列砌筑，增强抗震性能,
卢沟桥,桥梁,金,1192年,北京丰台,金朝,北京现存最古老的联拱石桥，11孔联拱结构，各孔净跨径和矢高均不相等，边孔小中孔大，结构合理；桥栏石狮雕刻精美，形态各异,
江东桥,桥梁,南宋,1237年,福建漳州,李韶,世界最大最重构件石梁桥，单根石梁最长23.7米，最重200余吨，展现古代巨型石构件运输与安装技术,
北京四合院,民居,明清,元代始建,北京,民间工匠,合院式民居典范，采用中轴对称布局，南北朝向，庭院采光通风科学合理；抬梁式木构架体系，结构稳固抗震,
陕西窑洞,民居,远古至明清,前2000年,陕西、甘肃、山西,民间工匠,利用黄土层保温隔热特性建造，冬暖夏凉，节能环保；有靠崖式、下沉式和独立式三种类型，体现因地制宜建造智慧,
皖南徽派民居（宏村）,民居,明清,明代始建,安徽黄山,徽商,徽派民居典范，马头墙兼具防火防风功能；水系规划科学，牛形村落布局，人工水系贯穿全村，解决生活用水与消防需求,
湘西吊脚楼,民居,明清,明代始建,湖南湘西,苗族土家族先民,干栏式建筑代表，底层架空防潮防洪，上层居住；穿斗式木构架，灵活适应山地地形，体现南方湿热地区建筑智慧,
开平碉楼,民居,清,清代始建,广东开平,华侨,中西合璧防御性民居，融合中国传统夯土技术与西方建筑元素，多层塔楼式结构兼具防御与居住功能,
云南一颗印,民居,明清,明代始建,云南昆明,民间工匠,合院式民居，平面布局方正如印，适应云南高原气候；正房与厢房围合形成封闭院落，防风防晒,
晋中王家大院,民居,清,清代始建,山西灵石,王氏家族,清代民居集大成者，院落层层递进，空间序列严谨；砖雕木雕石雕三雕艺术精湛，体现晋商文化与建筑技艺,
南阳府衙,官府,元明清,1271年,河南南阳,元朝,中国保存最完整的府级官署建筑群，沿中轴线五进院落布局，体现古代官署建筑礼制规范,
淮安府署,官府,明清,1170年,江苏淮安,南宋始建,中国现存体量最大、保存最完整的明清府级官署建筑，占地超2万平方米，沿250米中轴线五进院落，融合南北建筑精髓,
绥远城将军衙署,官府,清,1737年,内蒙古呼和浩特,清代,清代一品封疆大吏官邸规格建造，为清代八旗驻防城主体建筑，体现清代军事衙署建筑特色,
保定直隶总督署,官府,清,1730年,河北保定,清代,中国保存最完整的清代省级衙署，严格中轴对称布局，体现清代官署建筑最高等级,
