"record_key","dataset","dataset_order","row_in_dataset","名称","建筑类型","朝代","建造年代","地理位置","建造者","自然科学成就","姓名","生卒年","籍贯","身份","主要贡献","科学家精神","书名","作者","成书年代","著作类别","内容概要","学术价值","文化元素","文化类别","起源朝代","核心描述","文化内涵与传承","补充说明","简介"
"中国古代建筑成就_阿房宫_001","中国古代建筑成就","1","1","阿房宫","皇宫","秦","前212年","陕西西安","秦始皇嬴政","秦代宫殿建筑技术巅峰，采用高台建筑形式，规模宏大；前殿东西500步、南北50丈，上可坐万人，体现秦代土木工程与夯土技术成就","","","","","","","","","","","","","","","","","","","秦代大型宫殿建筑的代表，以宏阔尺度和高台形制著称。"
"中国古代建筑成就_未央宫_002","中国古代建筑成就","1","2","未央宫","皇宫","西汉","前200年","陕西西安","萧何","西汉大朝正宫，总面积约5平方千米，利用龙首原丘陵地势修建高台建筑，前殿夯土台基残高15米，体现汉代选址与夯土技术","","","","","","","","","","","","","","","","","","","西汉都城长安最重要的皇家宫殿群，奠定汉代宫殿格局。"
"中国古代建筑成就_长乐宫_003","中国古代建筑成就","1","3","长乐宫","皇宫","西汉","前202年","陕西西安","萧何","西汉主要宫殿之一，周长约10千米，采用前朝后寝布局，体现汉代宫殿规划思想","","","","","","","","","","","","","","","","","","","西汉早期核心宫殿之一，是研究汉代宫廷布局的重要遗址。"
"中国古代建筑成就_建章宫_004","中国古代建筑成就","1","4","建章宫","皇宫","西汉","前104年","陕西西安","汉武帝刘彻","西汉皇家宫殿，号称千门万户，采用一池三山园林布局，开创中国皇家园林规划先河","","","","","","","","","","","","","","","","","","","汉武帝时期扩建的大型皇家宫苑，体现宫殿与园林结合的特点。"
"中国古代建筑成就_太极宫_005","中国古代建筑成就","1","5","太极宫","皇宫","隋唐","582年","陕西西安","宇文恺","隋唐长安城主要宫殿，采用三朝制度布局，承天门凹形宫阙设计，影响后世宫殿形制","","","","","","","","","","","","","","","","","","","隋唐长安城中枢宫殿，对后世宫城制度影响深远。"
"中国古代建筑成就_大明宫_006","中国古代建筑成就","1","6","大明宫","皇宫","唐","634年","陕西西安","唐太宗李世民","唐代最大宫殿群，面积约3.2平方千米，相当于明清故宫4.5倍；含元殿凹形宫阙形制开创宫殿建设典范，对东亚宫殿建筑产生深远影响","","","","","","","","","","","","","","","","","","","唐代最具代表性的皇家宫殿群，体现盛唐宫殿营造水平。"
"中国古代建筑成就_紫禁城故宫_007","中国古代建筑成就","1","7","紫禁城（故宫）","皇宫","明清","1406年始建，1420年建成","北京","蒯祥等","世界最大最完整的木质古建筑群，占地72万平方米；采用模数化设计，以斗口为基本模数；太和殿面阔11间，重檐庑殿顶，代表中国古代木构建筑最高水平","","","","","","","","","","","","","","","","","","","明清两代皇宫，是中国现存最完整的古代宫殿建筑群。"
"中国古代建筑成就_沈阳故宫_008","中国古代建筑成就","1","8","沈阳故宫","皇宫","后金至清","1625年始建，1636年后续建成","辽宁沈阳","努尔哈赤、皇太极","满蒙汉建筑风格融合典范，大政殿与十王亭的帐殿式布局体现满族八旗制度，融合汉式宫殿与满族特色","","","","","","","","","","","","","","","","","","","后金至清初皇家宫殿，是满汉建筑文化融合的重要实物。"
"中国古代建筑成就_南京明故宫_009","中国古代建筑成就","1","9","南京明故宫","皇宫","明","1366年","江苏南京","明太祖朱元璋","明代第一座皇家宫殿，开创明清宫殿中轴对称布局先河，北京故宫以其为蓝本建造","","","","","","","","","","","","","","","","","","","明初皇宫遗址，北京故宫的制度与布局多承其影响。"
"中国古代建筑成就_赵州桥_010","中国古代建筑成就","1","10","赵州桥","桥梁","隋","605年","河北赵县","李春","世界现存最古老的敞肩石拱桥，首创敞肩拱结构，比欧洲同类桥早700年；主拱跨度37.02米，拱高仅7.23米，大跨度低弧线设计；采用28道独立拱券并列砌筑，增强抗震性能","","","","","","","","","","","","","","","","","","","中国古代石拱桥杰作，以敞肩拱技术闻名于世界桥梁史。"
"中国古代建筑成就_洛阳桥_011","中国古代建筑成就","1","11","洛阳桥","桥梁","宋","1059年","福建泉州","蔡襄","中国现存最早的跨海石桥，首创筏形基础技术、种蛎固础技术和浮运悬机架桥技术三大创新，解决了跨海建桥基础难题","","","","","","","","","","","","","","","","","","","宋代跨海梁式石桥代表，集中体现古代海桥建造智慧。"
"中国古代建筑成就_卢沟桥_012","中国古代建筑成就","1","12","卢沟桥","桥梁","金","1192年","北京丰台","金朝","北京现存最古老的联拱石桥，11孔联拱结构，各孔净跨径和矢高均不相等，边孔小中孔大，结构合理；桥栏石狮雕刻精美，形态各异","","","","","","","","","","","","","","","","","","","华北地区著名古桥，以联拱结构和石狮雕刻著称。"
"中国古代建筑成就_广济桥_013","中国古代建筑成就","1","13","广济桥","桥梁","宋","1228年","广东潮州","曾汪等","世界最早的启闭式桥梁，集梁桥、浮桥、拱桥于一体，十八梭船廿四洲的独特构造，中段浮桥可开可合，兼顾交通与通航","","","","","","","","","","","","","","","","","","","潮州古桥代表，以梁桥、拱桥、浮桥结合的形式闻名。"
"中国古代建筑成就_宝带桥_014","中国古代建筑成就","1","14","宝带桥","桥梁","唐","819年","江苏苏州","王仲舒","中国现存最长多孔石桥，53孔联拱结构，首次采用柔性墩与刚性墩结合的薄型墩式，适应江南水网环境","","","","","","","","","","","","","","","","","","","江南多孔长桥的典型实例，展现唐代石桥营造水平。"
"中国古代建筑成就_安平桥_015","中国古代建筑成就","1","15","安平桥","桥梁","南宋","1152年","福建晋江","黄护倡建","中世纪世界最长跨海梁式石桥，全长2255米，采用睡木沉基法奠基，桥身全用花岗岩砌筑，历经800余年两次8级地震仍稳固","","","","","","","","","","","","","","","","","","","中国古代超长石梁桥代表，是泉州海丝交通的重要遗存。"
"中国古代建筑成就_灞桥_016","中国古代建筑成就","1","16","灞桥","桥梁","春秋","前658年","陕西西安","秦穆公","中国历史上最早的多孔石拱桥之一，始建于春秋时期，隋唐时为全国11座大型桥梁之一","","","","","","","","","","","","","","","","","","","中国历史记忆中极具代表性的古桥，兼具交通与文化意象。"
"中国古代建筑成就_江东桥_017","中国古代建筑成就","1","17","江东桥","桥梁","南宋","1237年","福建漳州","李韶","世界最大最重构件石梁桥，单根石梁最长23.7米，最重200余吨，展现古代巨型石构件运输与安装技术","","","","","","","","","","","","","","","","","","","大型石梁桥代表，以巨型石构件运输和架设技术见长。"
"中国古代建筑成就_泸定桥_018","中国古代建筑成就","1","18","泸定桥","桥梁","清","1706年","四川泸定","康熙帝","中国古代铁索桥代表，13根铁链横跨大渡河，铁链每根重约1.6吨，体现古代冶金和悬索桥梁技术","","","","","","","","","","","","","","","","","","","清代铁索桥典范，是西南山区交通工程的代表。"
"中国古代建筑成就_北京四合院_019","中国古代建筑成就","1","19","北京四合院","民居","元明清","元代始建","北京","民间工匠","合院式民居典范，采用中轴对称布局，南北朝向，庭院采光通风科学合理；抬梁式木构架体系，结构稳固抗震","","","","","","","","","","","","","","","","","","","北方合院式民居代表，集中体现礼序与家族生活方式。"
"中国古代建筑成就_福建土楼_020","中国古代建筑成就","1","20","福建土楼","民居","明清","明代始建","福建龙岩、漳州","客家先民","大型夯土民居建筑，采用夯土墙与木构架结合，墙体底部厚达1.5米以上，兼具防御与居住功能；圆形或方形布局利于抗震抗风","","","","","","","","","","","","","","","","","","","客家大型聚族民居代表，兼具居住、防御和社区组织功能。"
"中国古代建筑成就_陕西窑洞_021","中国古代建筑成就","1","21","陕西窑洞","民居","远古至明清","前2000年","陕西、甘肃、山西","民间工匠","利用黄土层保温隔热特性建造，冬暖夏凉，节能环保；有靠崖式、下沉式和独立式三种类型，体现因地制宜建造智慧","","","","","","","","","","","","","","","","","","","黄土高原传统民居代表，体现顺应地貌与气候的营造智慧。"
"中国古代建筑成就_皖南徽派民居宏村_022","中国古代建筑成就","1","22","皖南徽派民居（宏村）","民居","明清","明代始建","安徽黄山","徽商","徽派民居典范，马头墙兼具防火防风功能；水系规划科学，牛形村落布局，人工水系贯穿全村，解决生活用水与消防需求","","","","","","","","","","","","","","","","","","","徽派民居与村落水系规划结合的典型代表。"
"中国古代建筑成就_湘西吊脚楼_023","中国古代建筑成就","1","23","湘西吊脚楼","民居","明清","明代始建","湖南湘西","苗族土家族先民","干栏式建筑代表，底层架空防潮防洪，上层居住；穿斗式木构架，灵活适应山地地形，体现南方湿热地区建筑智慧","","","","","","","","","","","","","","","","","","","南方山地干栏式民居代表，适应潮湿与坡地环境。"
"中国古代建筑成就_开平碉楼_024","中国古代建筑成就","1","24","开平碉楼","民居","清","清代始建","广东开平","华侨","中西合璧防御性民居，融合中国传统夯土技术与西方建筑元素，多层塔楼式结构兼具防御与居住功能","","","","","","","","","","","","","","","","","","","近代华侨民居与防御建筑结合的代表，体现中西合璧特征。"
"中国古代建筑成就_云南一颗印_025","中国古代建筑成就","1","25","云南一颗印","民居","明清","明代始建","云南昆明","民间工匠","合院式民居，平面布局方正如印，适应云南高原气候；正房与厢房围合形成封闭院落，防风防晒","","","","","","","","","","","","","","","","","","","云南高原合院民居代表，以方整紧凑布局著称。"
"中国古代建筑成就_晋中王家大院_026","中国古代建筑成就","1","26","晋中王家大院","民居","清","清代始建","山西灵石","王氏家族","清代民居集大成者，院落层层递进，空间序列严谨；砖雕木雕石雕三雕艺术精湛，体现晋商文化与建筑技艺","","","","","","","","","","","","","","","","","","","晋商大宅代表，反映清代北方民居空间秩序与装饰艺术。"
"中国古代建筑成就_乔家大院_027","中国古代建筑成就","1","27","乔家大院","民居","清","1756年","山西祁县","乔氏家族","晋商民居代表，6个大院19个小院313间房屋；全封闭城堡式建筑群，体现清代商宅建筑规制与装饰艺术","","","","","","","","","","","","","","","","","","","清代晋商宅院代表，是研究商宅格局与家族制度的重要实例。"
"中国古代建筑成就_南阳府衙_028","中国古代建筑成就","1","28","南阳府衙","官府","元明清","1271年","河南南阳","元朝","中国保存最完整的府级官署建筑群，沿中轴线五进院落布局，体现古代官署建筑礼制规范","","","","","","","","","","","","","","","","","","","保存较完整的古代府署建筑群，体现官署礼制空间。"
"中国古代建筑成就_淮安府署_029","中国古代建筑成就","1","29","淮安府署","官府","宋元明清","1170年","江苏淮安","南宋始建","中国现存体量最大、保存最完整的明清府级官署建筑，占地超2万平方米，沿250米中轴线五进院落，融合南北建筑精髓","","","","","","","","","","","","","","","","","","","明清府级官署代表，规模宏大，保存较为系统。"
"中国古代建筑成就_内乡县衙_030","中国古代建筑成就","1","30","内乡县衙","官府","元至清","1304年","河南内乡","元代始建","中国保存最完整的县级官署建筑群，被誉为天下第一衙；四合院式布局，严格遵循古代官署建筑等级制度","","","","","","","","","","","","","","","","","","","中国保存最完整的古代县衙之一，是研究基层官署的重要样本。"
"中国古代建筑成就_浮梁县衙_031","中国古代建筑成就","1","31","浮梁县衙","官府","唐至清","唐代始建","江西浮梁","唐代始建","江南保存较好的古代县衙，五进院落布局，体现江南官署建筑特色","","","","","","","","","","","","","","","","","","","江南地区古代县衙代表，反映地方官署的延续与演变。"
"中国古代建筑成就_叶县县衙_032","中国古代建筑成就","1","32","叶县县衙","官府","明","1368年","河南叶县","明代","中国现存唯一的明代县衙建筑，体现明代官署建筑规制","","","","","","","","","","","","","","","","","","","现存明代县衙代表，对研究明代官署制度价值突出。"
"中国古代建筑成就_临晋县衙_033","中国古代建筑成就","1","33","临晋县衙","官府","元","1271年","山西临猗","元代","中国现存较早的元代官署建筑，对研究元代官署形制具有重要价值","","","","","","","","","","","","","","","","","","","元代官署建筑遗存的重要实例，具有较高史料价值。"
"中国古代建筑成就_绥远城将军衙署_034","中国古代建筑成就","1","34","绥远城将军衙署","官府","清","1737年","内蒙古呼和浩特","清代","清代一品封疆大吏官邸规格建造，为清代八旗驻防城主体建筑，体现清代军事衙署建筑特色","","","","","","","","","","","","","","","","","","","清代边疆驻防将军衙署代表，体现军事与行政合一特征。"
"中国古代建筑成就_保定直隶总督署_035","中国古代建筑成就","1","35","保定直隶总督署","官府","清","1730年","河北保定","清代","中国保存最完整的清代省级衙署，严格中轴对称布局，体现清代官署建筑最高等级","","","","","","","","","","","","","","","","","","","清代省级衙署代表，是研究督抚制度的重要建筑遗存。"
"中国古代建筑成就_霍州署_036","中国古代建筑成就","1","36","霍州署","官府","元明清","1271年","山西霍州","元代始建","中国现存较完整的州级官署建筑，元明清三代建筑风格并存，对研究古代州署建筑演变具有重要价值","","","","","","","","","","","","","","","","","","","元明清连续沿用的州署建筑群，见证官署形制演变。"
"中国古代建筑成就_密县县衙_037","中国古代建筑成就","1","37","密县县衙","官府","隋唐至清","581年","河南新密","隋代始建","历史悠久的县级官署，隋唐至清代延续使用，体现古代县衙建筑形制演变","","","","","","","","","","","","","","","","","","","延续使用时间较长的县衙建筑，反映多时期官署发展脉络。"
"中国古代建筑成就_万里长城_038","中国古代建筑成就","1","38","万里长城","城防工程","春秋战国至明","前7世纪始建，明代大规模修筑","中国北方多省","历代王朝与军民","世界规模最大的线性防御工程，因山就势构筑城墙、敌台、烽燧和关堡体系，体现古代测绘、夯土、砖石砌筑与军事工程综合能力","","","","","","","","","","","","","","","","","","","中国古代最具标志性的防御工程体系，绵延范围极广。"
"中国古代建筑成就_都江堰_039","中国古代建筑成就","1","39","都江堰","水利工程","秦","前256年","四川都江堰","李冰父子","世界现存最早仍在使用的无坝引水工程，以鱼嘴、飞沙堰、宝瓶口三大主体协同分水排沙，体现古代水工测算与河道治理智慧","","","","","","","","","","","","","","","","","","","中国古代水利工程杰作，至今仍持续发挥灌溉与分洪作用。"
"中国古代建筑成就_应县木塔_040","中国古代建筑成就","1","40","应县木塔","塔楼","辽","1056年","山西应县","辽代工匠","世界现存最高最古老的纯木结构楼阁式塔，通高67.31米，采用斗拱与暗层结构协同受力，展现高层木构营造技术巅峰","","","","","","","","","","","","","","","","","","","世界现存最高最古老的纯木结构楼阁式塔。"
"中国古代建筑成就_苏州园林_041","中国古代建筑成就","1","41","苏州园林","园林","春秋至明清","春秋始创，明清鼎盛","江苏苏州","历代文人、园林匠师","中国古典园林代表，以借景、对景、框景等手法组织空间，在有限场地中营造山水层次，体现精密的空间经营与生态营造智慧","","","","","","","","","","","","","","","","","","","中国古典私家园林的集中代表，体现精细的造园艺术。"
"中国古代建筑科学家_鲁班_001","中国古代建筑科学家","2","1","","","春秋","","","","","鲁班","前507年—前444年","山东曲阜","工匠、发明家","发明卯榫结构，奠定中国木构建筑基础；发明曲尺、墨斗、锯子、刨子、钻子等木工工具，被后世尊为工匠祖师","勇于创新、精益求精的工匠精神；从实践中总结规律，发明创造造福民众","","","","","","","","","","","","","中国古代工匠文化的代表人物，长期被尊为土木营造与木作技艺的开创者。"
"中国古代建筑科学家_宇文恺_002","中国古代建筑科学家","2","2","","","隋","","","","","宇文恺","555年—612年","陕西西安","城市规划家、建筑工程师","主持规划修建隋大兴城（唐长安城），面积达84平方千米，是当时世界最大城市；主持规划东都洛阳城；设计观风行殿（可移动宫殿）；首创木模型和设计图审核制度","严谨求实的科学态度，动工前先做木模型和设计图审核；勇于创新，设计可移动宫殿","","","","","","","","","","","","","隋代都城规划与大型宫殿工程的关键人物，对后世长安、洛阳城市格局影响深远。"
"中国古代建筑科学家_李春_003","中国古代建筑科学家","2","3","","","隋","","","","","李春","生卒年不详（约6世纪末-7世纪初）","河北（推测）","桥梁工匠","设计建造赵州桥，首创敞肩拱结构，比欧洲早700年；大跨度低弧线设计，主拱跨度37.02米；28道独立拱券并列砌筑技术增强抗震性","勇于挑战技术难题，首创敞肩拱结构；注重实践验证，赵州桥历经1400余年仍屹立不倒","","","","","","","","","","","","","中国古代桥梁工艺代表人物，以赵州桥奠定早期石拱桥技术高峰。"
"中国古代建筑科学家_阎立德_004","中国古代建筑科学家","2","4","","","唐","","","","","阎立德","?-656年","陕西西安","建筑家、工艺美术家","督造翠微宫、玉华宫；营建唐昭陵；主持修筑长安城外郭和城楼；将建筑设计与工艺美术相结合","博学多才，将建筑、绘画、工艺美术融会贯通；追求卓越，注重建筑的艺术性与实用性统一","","","","","","","","","","","","","唐代兼具建筑与工艺美术才能的重要营造人物，推动宫苑与陵寝建设。"
"中国古代建筑科学家_喻皓_005","中国古代建筑科学家","2","5","","","五代末北宋初","","","","","喻皓","生卒年不详（约10世纪）","浙江杭州","建筑工匠、建筑理论家","擅长建造高层木塔，建造开封开宝寺塔和杭州梵天寺塔；顺应自然风力设计塔身微倾以抵抗风力；著《木经》，中国第一部建筑专著","刻苦钻研，从贫苦木匠成长为建筑大师；顺应自然的智慧，以风力修正塔身倾斜；著书立说传承技艺","","","","","","","","","","","","","早期木构建筑理论与实践并重的工匠代表，《木经》作者。"
"中国古代建筑科学家_李诫_006","中国古代建筑科学家","2","6","","","宋","","","","","李诫","1035年—1110年","河南郑州","建筑学家","编修《营造法式》，中国古代最完善的土木建筑工程著作；全书34卷，系统记录13个工种制度；主持修建朱雀门、开封府廨、太庙等十余项重大工程","系统总结建筑知识，编修《营造法式》惠及后世；注重实践与理论结合，深入工匠中收集经验","","","","","","","","","","","","","宋代官式建筑制度的系统整理者，《营造法式》奠定后世营造规范基础。"
"中国古代建筑科学家_刘秉忠_007","中国古代建筑科学家","2","7","","","元","","","","","刘秉忠","1216年—1274年","河北邢台","政治家、城市规划师","规划元大都，奠定北京城市雏形；设计独特、规划科学、布局合理，中轴对称布局影响至今","高瞻远瞩的规划视野，元大都规划影响至今；科学严谨的设计方法，中轴对称布局合理有序","","","","","","","","","","","","","元大都规划的核心人物之一，对北京城市格局的形成影响极大。"
"中国古代建筑科学家_蒯祥_008","中国古代建筑科学家","2","8","","","明","","","","","蒯祥","1397年—1481年","江苏苏州","建筑大师","参与设计建造天安门城楼；主持皇宫前三殿、长陵等重大皇室工程；被誉为国朝第一木匠，香山帮鼻祖；精通建筑图样设计，可徒手绘制精准图样","勤学苦练，12岁学艺16岁主持大型工程；技艺精湛，徒手绘制精准图样；传承发展香山帮建筑技艺","","","","","","","","","","","","","明代皇家建筑大师，北京宫殿与陵寝工程的重要设计营造者。"
"中国古代建筑科学家_徐杲_009","中国古代建筑科学家","2","9","","","明","","","","","徐杲","生卒年不详（约16世纪）","不详","木工大师、工部尚书","从贫苦木工做到二品工部尚书，在古代匠人中独一份；主持重建故宫三大殿，工期短质量高","凭借真才实学从底层匠人做到工部尚书；临危受命主持重建三大殿，工期短质量高","","","","","","","","","","","","","明代由木工成长为工部重臣的典型人物，以主持重建故宫三大殿著称。"
"中国古代建筑科学家_雷发达_010","中国古代建筑科学家","2","10","","","清","","","","","雷发达","1619年—1693年","江西建昌","皇家建筑师","清代样式雷家族创始人，被康熙赏识；参与故宫、颐和园等皇家建筑设计；发明烫样（建筑模型），比3D模型早数百年","精益求精的工匠精神，八代传承皇家建筑设计；创新发明烫样技术，直观展示设计效果","","","","","","","","","","","","","清代皇家建筑世家“样式雷”奠基人物，推动烫样与皇家工程营造传承。"
"中国古代建筑科学家_郭安兴_011","中国古代建筑科学家","2","11","","","北魏","","","","","郭安兴","生卒年不详（约6世纪）","不详","建筑师","建造北魏景明寺和永宁寺，以巨大体量和高度木结构建成，在中国乃至世界建筑史上都是奇迹","挑战建筑极限，建造超高层木结构建筑；追求建筑与技术的完美结合","","","","","","","","","","","","","北魏大型佛寺木塔营造的代表人物，体现早期高层木构技术能力。"
"中国古代建筑科学家_萧何_012","中国古代建筑科学家","2","12","","","西汉","","","","","萧何","?-前193年","江苏丰县","政治家、建筑规划者","主持建造未央宫和建章宫，提出非壮丽无以重威的建筑思想；未央宫周长14千米，体现汉代建筑规划思想","非壮丽无以重威的建筑理念，以建筑彰显国家威严；远见卓识，为后世留下宏伟建筑遗产","","","","","","","","","","","","","西汉初期宫城规划的重要主持者，对未央宫等宫殿布局影响深远。"
"中国古代建筑科学家_杨城延_013","中国古代建筑科学家","2","13","","","西汉","","","","","杨城延","生卒年不详（约前3世纪）","不详","建筑工程师","主持规划西汉长安城，负责未央宫和建章宫技术工作；开创汉代宫殿建筑技术体系","注重工程技术与艺术审美的统一；开创汉代宫殿建筑技术体系","","","","","","","","","","","","","西汉长安城与宫殿技术体系的重要参与者，体现早期都城营建水平。"
"中国古代建筑科学家_蒙恬_014","中国古代建筑科学家","2","14","","","秦","","","","","蒙恬","?-前210年","山东蒙阴","军事家、长城修筑者","主持修筑秦长城，因地形用制险塞，工程浩大技术合理；修筑直道，沟通南北交通","因地形用制险塞，因地制宜的工程智慧；坚韧不拔的意志，完成浩大工程","","","","","","","","","","","","","秦代大型军事工程组织者，长城与直道建设反映综合工程治理能力。"
"中国古代建筑科学家_张志纯_015","中国古代建筑科学家","2","15","","","元","","","","","张志纯","生卒年不详（约13世纪）","山东泰安","建筑师","新建和重建泰山上数十座道教建筑群；设计监修南天门，建筑风格充满道家元素，与环境相融合","建筑与环境和谐统一的设计理念；道家自然思想融入建筑设计","","","","","","","","","","","","","元代山岳建筑营造代表人物，善于处理建筑与自然环境关系。"
"中国古代建筑科学家_蔡襄_016","中国古代建筑科学家","2","16","","","宋","","","","","蔡襄","1012年—1067年","福建仙游","政治家、桥梁建造者","主持建造洛阳桥（万安桥），首创筏形基础、种蛎固础和浮运悬机架桥三大技术；亲撰万安桥记","勇于创新，首创三大桥梁技术；亲力亲为，亲撰桥记记录工程细节；为民造福的担当精神","","","","","","","","","","","","","宋代跨海桥梁建设的代表人物，洛阳桥工程体现制度与技术结合。"
"中国古代建筑科学家_雷金玉_017","中国古代建筑科学家","2","17","","","清","","","","","雷金玉","?-1691年","江苏南京","皇家建筑师","样式雷家族第二代传人，参与圆明园等皇家建筑设计制作烫样","传承与创新并重，发展烫样技术；家族八代坚守建筑事业","","","","","","","","","","","","","样式雷家族第二代传人，延续清代皇家建筑模型与设计传统。"
"中国古代建筑科学家_姬旦周公_018","中国古代建筑科学家","2","18","","","西周","","","","","姬旦（周公）","?-约前1105年","陕西岐山","政治家、都城规划师","主持营造洛邑都城，体现卓越都城规划思想；任用弥牟为建造师，开创中国官方建筑师制度","高瞻远瞩的都城规划思想；礼制与建筑结合，开创中国官方建筑制度","","","","","","","","","","","","","西周礼制与都城规划思想的重要代表，对早期城市制度影响深远。"
"中国古代建筑著作_考工记_001","中国古代建筑著作","3","1","","","春秋战国","","","","","","","","","","","《考工记》","佚名（齐国人）","约前5世纪","城市设计规范","记述百工制度，包括攻木之工、攻金之工、攻皮之工等六大门类30个工种；匠人篇详细描述王城规划制度：匠人营国方九里旁三门，国中九经九轨，左祖右社面朝后市","中国第一部工科巨著，是中国古代城市设计和建造理论的经典著作，也是工业生产各工种设计规范和制造工艺的重要文献；匠人营国制度影响中国都城规划两千余年","","","","","","","中国现存最早系统论述工官制度与都城规划原则的先秦典籍。"
"中国古代建筑著作_营造法式_002","中国古代建筑著作","3","2","","","宋","","","","","","","","","","","《营造法式》","李诫","1100年成书，1103年刊行","建筑设计施工规范","全书34卷，分释名、制度、功限、料例和图样五部分；记录壕寨、石作、大木作、小木作、雕作、旋作、锯作、竹作、瓦作、泥作、彩画作、砖作、窑作13个工种制度；规定劳动定额和用料定额","中国现存最早、内容最完整的建筑学著作，被誉为中国古代建筑百科全书；系统记录北宋官式建筑做法，上承隋唐下启明清，对研究中国古代建筑技术发展具有重要意义","","","","","","","中国古代官式建筑制度化程度最高的规范总汇。"
"中国古代建筑著作_木经_003","中国古代建筑著作","3","3","","","宋","","","","","","","","","","","《木经》","喻皓","约10世纪末","建筑技术专著","中国第一部建筑专著，记录木构建筑的设计与施工方法；原书已失传，沈括梦溪笔谈中保存部分内容；分为上中下三卷，论述建筑尺度与比例关系","中国历史上第一部建筑专著，在营造法式问世之前被工匠奉为营造经典著作；虽已失传，但通过沈括梦溪笔谈流传部分内容，对后世建筑理论发展有重要影响","","","","","","","早期木构营造理论代表著作，虽已失传仍深刻影响后世。"
"中国古代建筑著作_园冶_004","中国古代建筑著作","3","4","","","明","","","","","","","","","","","《园冶》","计成","1631年成书，1634年刊行","园林设计理论","全书三卷，分为兴造论、园说及相地、立基、铺地、掇山、选石、借景等部分；系统论述园林设计原则：虽由人作宛自天开；提出借景、障景等造园手法","中国乃至世界最早的园林学专著，系统总结江南园林设计理论与手法；虽在国内一度失传，但在日本广为流传，影响日本造园艺术发展","","","","","","","中国首部系统论述造园艺术与方法的园林理论专著。"
"中国古代建筑著作_工程做法则例_005","中国古代建筑著作","3","5","","","清","","","","","","","","","","","《工程做法则例》","清工部","1734年刊行","建筑设计施工规范","全书74卷，分诸作做法与用料用工两大部分；列举27种单体房座的大木做法，其中23例大式建筑4例小式建筑；严格贯穿模数制，建立以斗口为模数的清式建筑模数体系","继宋代营造法式之后中国第二部重要的建筑规范著作，是清代官式建筑通行的标准设计规范；建立以斗口为模数的清式建筑模数体系，对研究清代建筑技术至关重要","","","","","","","清代官式建筑设计、用料与估工的标准依据。"
"中国古代建筑著作_长物志_006","中国古代建筑著作","3","6","","","明","","","","","","","","","","","《长物志》","文震亨","约1620年代","园林设计理论","全书十二卷，分室庐、花木、水石、禽鱼、书画、几榻、器具、衣饰、舟车、位置、蔬果、香茗十二类；系统论述居室与园林的设计美学","中国古代居室与园林美学的重要著作，系统论述居室、庭园、花木、水石等设计美学，反映明代文人的审美趣味和生活理念","","","","","","","明代文人论述居室陈设与园林审美的重要著作。"
"中国古代建筑著作_鲁班经_007","中国古代建筑著作","3","7","","","明","","","","","","","","","","","《鲁班经》","佚名（民间匠师）","明代中后期","建筑技术专著","民间匠师建筑手册，记录房屋建造的尺寸规制、施工方法、风水禁忌等；包含大量图样和口诀，是民间建筑技艺的集大成者","中国古代民间建筑技术的重要文献，记录民间匠师的建筑经验和技术诀窍，是研究中国古代民间建筑技术的珍贵资料","","","","","","","反映民间匠师营造经验、尺度观念与操作口诀的实用手册。"
"中国古代建筑著作_匠人_008","中国古代建筑著作","3","8","","","西周","","","","","","","","","","","《匠人》","佚名","约前11世纪","城市设计规范","记述西周王城规划制度，匠人营国方九里旁三门；规定都城中轴线布局、道路宽度、建筑间距等；左祖右社面朝后市的布局原则","中国最早的城市规划文献，匠人营国方九里旁三门的都城制度影响深远，左祖右社面朝后市的布局原则沿用至明清","","","","","","","先秦都城规划思想与礼制空间秩序的重要文本。"
"中国古代建筑著作_梓人传_009","中国古代建筑著作","3","9","","","唐","","","","","","","","","","","《梓人传》","柳宗元","约9世纪初","建筑技术专著","柳宗元为建筑匠师杨潜作传，阐述匠师设计建筑的全过程；论述建筑设计的统筹规划思想，将建筑匠师比作宰相治国","唐代文学家柳宗元论述建筑匠师的重要文章，阐述匠师的社会价值和建筑理念，是中国古代建筑思想的重要文献","","","","","","","以传记形式阐发匠师统筹设计作用的建筑思想名篇。"
"中国古代建筑著作_水经注_010","中国古代建筑著作","3","10","","","北魏","","","","","","","","","","","《水经注》","郦道元","约6世纪初","建筑技术专著","记述全国河流水道及沿岸地理、建筑、桥梁等；详细记录各地桥梁的位置、结构、建造年代等信息","中国古代地理名著，详细记录各地桥梁建筑，是研究古代桥梁技术的重要文献","","","","","","","保存大量桥梁、城邑与水系建筑资料的地理文献巨著。"
"中国古代建筑文化_斗拱_001","中国古代建筑文化","4","1","","","","","","","","","","","","","","","","","","","","斗拱","建筑结构文化","商周至明清","中国木构建筑的核心构件，由斗、拱、昂三部分组成","斗拱是中国木构建筑的灵魂，兼具结构与装饰功能。从唐代雄大简练到明清精致繁密，斗拱的演变折射出中国建筑技术的发展。斗拱层数与建筑等级严格对应，太和殿用九踩斗拱，民居禁用，清晰勾勒出社会等级秩序。斗拱的承托与减震智慧，集中体现了中国古人以柔克刚的营造理念。","代表实例有佛光寺东大殿与故宫太和殿。",""
"中国古代建筑文化_榫卯结构_002","中国古代建筑文化","4","2","","","","","","","","","","","","","","","","","","","","榫卯结构","建筑结构文化","河姆渡时期至明清","中国木构建筑的基本连接方式，不用钉子实现构件牢固结合","榫卯是中国木构建筑最根本的技术基因，河姆渡遗址已发现7000年前的榫卯构件。不用一钉一铆实现构件牢固结合，体现了以柔克刚、顺应自然的哲学思想。榫卯的柔性连接使建筑具备良好韧性，这种连接智慧长期影响传统木作营造。","河姆渡遗址木构件与应县木塔均可见榫卯传统。",""
"中国古代建筑文化_抬梁式木构架_003","中国古代建筑文化","4","3","","","","","","","","","","","","","","","","","","","","抬梁式木构架","建筑结构文化","商周至明清","中国北方主要木构架形式，在柱子上放梁、梁上放短柱、短柱上放短梁","抬梁式是中国北方官式建筑的主流结构形式，从唐佛光寺到清故宫一脉相承。其优点是室内空间开阔，适合宫殿、庙宇等大型建筑。抬梁式逐步形成成熟的材分制与尺度规范，体现了中国古代官式营造体系的严整性。","多见于北方宫殿、官署和大型寺观建筑。",""
"中国古代建筑文化_穿斗式木构架_004","中国古代建筑文化","4","4","","","","","","","","","","","","","","","","","","","","穿斗式木构架","建筑结构文化","汉至明清","中国南方主要木构架形式，每根檩条下都有柱子直接支撑","穿斗式是中国南方民居的主要结构形式，用料轻细、柱距较小、结构紧凑。其灵活的空间划分适应了南方多雨潮湿的气候环境，体现了因地制宜的建造智慧。穿斗式与抬梁式并为中国木构建筑两大体系，长期流行于南方民居与祠庙营造。","多见于川渝、湘赣、闽粤等地民居与祠堂。",""
"中国古代建筑文化_干栏式建筑_005","中国古代建筑文化","4","5","","","","","","","","","","","","","","","","","","","","干栏式建筑","建筑结构文化","河姆渡时期至明清","底层架空的建筑形式，适应南方湿热气候，吊脚楼为其典型","干栏式建筑起源于南方湿热地区，河姆渡遗址已有7000年前的干栏式建筑遗迹。底层架空防潮防洪的设计智慧，至今仍在东南亚和中国南方少数民族地区传承。吊脚楼是干栏式建筑的典型代表，体现了人与自然和谐共处的建筑理念。","湘西吊脚楼、侗寨鼓楼周边民居常见此类做法。",""
"中国古代建筑文化_屋顶等级制度_006","中国古代建筑文化","4","6","","","","","","","","","","","","","","","","","","","","屋顶等级制度","建筑礼制文化","周至清","庑殿顶、歇山顶、悬山顶、硬山顶、攒尖顶等级从高到低，体现封建等级制度","庑殿顶为最高等级，仅用于皇宫主殿和重要庙宇；歇山顶次之，用于宫殿次要建筑；悬山顶和硬山顶用于民居。屋顶等级制度是封建礼制在建筑上的物化体现，这种等级观念深刻影响了中国人的空间认知和审美取向，至今仍是中国建筑文化研究的重要内容。","太和殿庑殿顶、王府歇山顶最具代表性。",""
"中国古代建筑文化_中轴对称布局_007","中国古代建筑文化","4","7","","","","","","","","","","","","","","","","","","","","中轴对称布局","建筑规划文化","商周至明清","中国建筑群最基本的布局方式，主要建筑沿中轴线排列，次要建筑对称分布两侧","中轴对称是中国建筑群最基本的布局原则，从周代洛邑到明清北京城一脉相承。中轴线象征皇权至高无上，两侧对称体现秩序与和谐。这一布局理念不仅影响宫殿和官署，也深入民居和园林设计，成为中国建筑文化最显著的特征之一，北京城中轴线已列入世界文化遗产。","北京故宫、明清州县衙署均以中轴组织空间。",""
"中国古代建筑文化_前朝后寝制度_008","中国古代建筑文化","4","8","","","","","","","","","","","","","","","","","","","","前朝后寝制度","建筑礼制文化","商周至明清","宫殿和官署建筑的基本布局原则，前部为朝会理政空间，后部为居住生活空间","前朝后寝是中国宫殿建筑的基本布局原则，源于周代三朝制度。前部为朝会理政空间，体现公共性和仪式感；后部为居住生活空间，注重私密性和舒适性。这一制度深刻影响了中国人的空间观念，前堂后室的布局至今仍是中国住宅设计的基本模式。","未央宫、故宫等宫殿布局都能见到这一原则。",""
"中国古代建筑文化_四合院文化_009","中国古代建筑文化","4","9","","","","","","","","","","","","","","","","","","","","四合院文化","民居建筑文化","西周至明清","合院式民居的基本形态，体现长幼有序、尊卑有别的家族伦理观念","四合院是中国合院式民居的典型代表，西周岐山凤雏村遗址已有最早的四合院雏形。四合院以院落为中心，正房、厢房、倒座房围合布局，体现长幼有序、尊卑有别的家族伦理。北京四合院是四合院文化的集大成者，其空间组织方式至今影响着中国住宅设计理念。","北京四合院与山西晋商宅院是典型案例。",""
"中国古代建筑文化_风水与建筑选址_010","中国古代建筑文化","4","10","","","","","","","","","","","","","","","","","","","","风水与建筑选址","建筑哲学文化","先秦至明清","风水学说影响建筑选址和布局，讲究背山面水、藏风聚气","风水学说是中国独特的建筑选址理论，讲究背山面水、藏风聚气。从都城选址到民居建造，风水理念贯穿中国建筑史。其合理内核——对地形、水文、风向等自然条件的科学考量，至今仍具有现实意义。风水文化已列入国家级非物质文化遗产名录。","宫殿、陵寝与传统村落常强调背山面水格局。",""
"中国古代建筑文化_夯土技术_011","中国古代建筑文化","4","11","","","","","","","","","","","","","","","","","","","","夯土技术","建筑技术文化","新石器时代至明清","中国最早的建筑技术之一，用于城墙、台基、墙体建造，万里长城即采用夯土技术","夯土是中国最古老的建筑技术之一，从新石器时代的城墙到明代长城，夯土技术延续数千年。福建土楼将夯土技术推向高峰，墙体底部厚达1.5米以上，历经数百年风雨和地震仍坚固如初。夯土营造体现了就地取材、因土施作的传统工程智慧。","秦汉城墙、汉唐台基及福建土楼都大量采用夯土。",""
"中国古代建筑文化_琉璃瓦工艺_012","中国古代建筑文化","4","12","","","","","","","","","","","","","","","","","","","","琉璃瓦工艺","建筑装饰文化","北魏至明清","琉璃瓦是中国古代建筑的重要装饰元素，色彩等级严格：黄色属皇家，绿色属王府","琉璃瓦工艺始于北魏，成熟于唐代，明清达到巅峰。黄色琉璃瓦为皇家专用，绿色用于王府，蓝色用于天坛，灰色用于民居，色彩严格体现等级制度。琉璃瓦的制作工艺已列入国家级非物质文化遗产，其耐候性和装饰性至今无可替代。","故宫黄琉璃瓦与天坛蓝琉璃瓦最具辨识度。",""
"中国古代建筑文化_彩画艺术_013","中国古代建筑文化","4","13","","","","","","","","","","","","","","","","","","","","彩画艺术","建筑装饰文化","春秋至明清","古建筑梁枋上的装饰绘画，和玺彩画属最高等级，旋子彩画次之，苏式彩画用于园林","古建筑彩画兼具装饰和保护木构件的功能。和玺彩画为最高等级，仅用于皇宫；旋子彩画次之，用于次要宫殿和庙宇；苏式彩画用于园林。彩画的图案和色彩蕴含丰富的文化寓意，如龙凤象征皇权、牡丹象征富贵。传统彩画工艺至今仍在古建筑修缮中传承。","故宫和玺彩画、苏州园林苏式彩画最常被并举。",""
"中国古代建筑文化_砖雕石雕木雕_014","中国古代建筑文化","4","14","","","","","","","","","","","","","","","","","","","","砖雕石雕木雕","建筑装饰文化","汉至明清","三雕艺术是中国古建筑装饰的重要形式，体现民间工艺水平和审美追求","三雕艺术是中国古建筑装饰的精华。徽派砖雕细腻精美，晋商大院石雕浑厚大气，江南木雕灵巧秀美。三雕题材涵盖历史故事、吉祥图案、花鸟鱼虫，是民间工艺和审美追求的集中体现。三雕工艺已列入各级非物质文化遗产名录，至今仍有匠人传承。","徽州民居、晋商大院与东阳木雕是典型代表。",""
"中国古代建筑文化_藻井_015","中国古代建筑文化","4","15","","","","","","","","","","","","","","","","","","","","藻井","建筑装饰文化","汉至明清","室内顶棚的独特装饰，由斗拱层层叠收形成穹窿状，象征天宇，等级极高","藻井是中国古建筑室内顶棚的最高等级装饰，由斗拱层层叠收形成穹窿状。其名称取镇压火灾之意，体现古人防火的心理寄托。藻井的复杂结构展现了木构技术的极致，北京天坛祈年殿藻井、故宫太和殿藻井为现存最高水平的代表。藻井设计理念对现代室内设计仍有启发。","故宫太和殿与天坛祈年殿保存有高水平藻井实例。",""
"中国古代建筑文化_影壁照壁_016","中国古代建筑文化","4","16","","","","","","","","","","","","","","","","","","","","影壁（照壁）","建筑空间文化","西周至明清","立于大门内外的墙壁，具有挡风、避煞、装饰功能，体现中国建筑的空间层次观念","影壁是中国建筑空间组织的重要元素，具有挡风、避煞、装饰三重功能。大门内影壁避免直视院内，体现含蓄内敛的文化性格；大门外影壁形成空间过渡，营造序列感。故宫九龙壁、大同九龙壁为影壁艺术的巅峰之作，影壁文化至今仍在中国传统建筑中传承。","故宫九龙壁、大同九龙壁是照壁艺术名作。",""
"中国古代建筑文化_牌坊_017","中国古代建筑文化","4","17","","","","","","","","","","","","","","","","","","","","牌坊","建筑礼制文化","周至清","古代旌表功勋、科第、德政及忠孝节义的建筑物，是封建礼教的物化象征","牌坊起源于周代的旌表门，是封建礼教的物化象征。功德牌坊表彰功勋，科举牌坊旌表科第，贞节牌坊宣扬节烈。牌坊的建筑形式从单间到多间、从单层到多层，体现了石构建筑技术的进步。牌坊文化虽带有封建色彩，但其建筑艺术价值和文化记忆功能至今仍被重视。","徽州牌坊群和曲阜孔庙牌坊具有代表性。",""
"中国古代建筑文化_建筑色彩文化_018","中国古代建筑文化","4","18","","","","","","","","","","","","","","","","","","","","建筑色彩文化","建筑礼制文化","周至清","红墙黄瓦属皇家专用，蓝瓦用于天坛等祭天建筑，灰瓦用于民居，色彩严格体现等级","中国古建筑的色彩运用严格遵循等级制度。红墙黄瓦为皇家专用，蓝瓦用于祭天建筑，灰瓦黑瓦为民间使用。色彩不仅是装饰，更是权力和等级的象征。这种色彩等级观念深刻影响了中国人的审美心理，红色至今仍是中国文化最具代表性的色彩符号。","红墙黄瓦、蓝瓦祭天、青灰瓦民居形成鲜明序列。",""
"中国古代建筑文化_园林造景文化_019","中国古代建筑文化","4","19","","","","","","","","","","","","","","","","","","","","园林造景文化","园林建筑文化","商周至明清","中国园林虽由人作宛自天开的造园理念，借景、障景、框景等手法营造诗画意境","中国园林虽由人作宛自天开的造园理念，体现了天人合一的哲学思想。借景将园外景色纳入园内，障景遮挡不佳景观，框景如画框取景，这些手法创造诗画意境。苏州园林为园林造景文化的集大成者，已列入世界文化遗产，其设计理念对现代景观设计影响深远。","拙政园、留园、颐和园集中体现借景与对景手法。",""
"中国古代建筑文化_窑洞民居文化_020","中国古代建筑文化","4","20","","","","","","","","","","","","","","","","","","","","窑洞民居文化","民居建筑文化","新石器时代至近现代","黄土高原独特的穴居文化，冬暖夏凉，节能环保，体现因地制宜的生存智慧","窑洞是黄土高原独特的民居形式，利用黄土层保温隔热特性，冬暖夏凉。靠崖式、下沉式、独立式三种类型适应不同地形。窑洞文化体现了因地制宜、与自然和谐共处的生存智慧，其节能环保理念对现代绿色建筑具有重要启示。","主要分布于陕北、晋西和陇东黄土高原地区。",""
"中国古代建筑文化_土楼民居文化_021","中国古代建筑文化","4","21","","","","","","","","","","","","","","","","","","","","土楼民居文化","民居建筑文化","宋至清","客家聚族而居的防御性民居，体现宗族凝聚力和因地制宜的建造智慧","福建土楼是客家先民聚族而居的防御性民居，圆形或方形布局利于抗震抗风。土楼将居住、防御、宗族活动功能集于一体，体现了宗族凝聚力和集体防卫意识。福建土楼已列入世界文化遗产，其独特的建筑形式和文化内涵受到世界关注。","永定承启楼、南靖田螺坑土楼群最具代表性。",""
"中国古代建筑文化_万里长城_022","中国古代建筑文化","4","22","","","","","","","","","","","","","","","","","","","","万里长城","建筑工程文化","春秋至明","世界最伟大的建筑工程之一，因地形用制险塞，绵延万里，体现古代军事防御工程智慧","万里长城是中国古代最伟大的建筑工程，因地形用制险塞的建造原则体现了卓越的军事工程智慧。夯土、砖石、木构等多种建造技术的综合运用，展现了古代建筑技术的全面成就。长城精神——坚韧不屈、自强不息，已成为中华民族精神的象征。","现存较完整者多为明长城，如八达岭、嘉峪关等段。",""
"中国古代建筑文化_大运河工程_023","中国古代建筑文化","4","23","","","","","","","","","","","","","","","","","","","","大运河工程","建筑工程文化","春秋至元","世界最长人工运河，沟通南北水系，桥梁船闸技术先进，体现古代水利工程智慧","京杭大运河是世界最长的人工运河，沟通海河、黄河、淮河、长江、钱塘江五大水系。运河上的桥梁、船闸、码头等建筑设施体现了古代水利工程的高超技术。大运河已列入世界文化遗产，其工程智慧对现代水利建设仍有借鉴价值。","隋唐大运河与后世京杭大运河共同构成其主体。",""
"中国古代建筑文化_建筑模数制度_024","中国古代建筑文化","4","24","","","","","","","","","","","","","","","","","","","","建筑模数制度","建筑技术文化","唐至清","宋代以材为祖、清代以斗口为模数，建立标准化设计体系，早于西方模数制数百年","宋代营造法式以材为祖的材分制和清代工程做法则例以斗口为模数的制度，建立了世界上最早的建筑标准化设计体系。这种模数化思想使建筑设计与施工实现了规范化，比西方建筑模数制早数百年。模数制度的理念至今仍是建筑工业化的重要基础。","《营造法式》材分制与清代斗口制是一脉相承的尺度体系。",""
